group,case_id,shear_ms,restart_h,path,frame_h,consider_level,size_of_large_box,rmw_grid,rmw_km,three_rmw_grid,three_rmw_km,box_half_width_grid,crop_y1,crop_y2,crop_x1,crop_x2,box_y1,box_y2,box_x1,box_x2,box_large_y1,box_large_y2,box_large_x1,box_large_x2,heating_max,heating_mean,heating_sum,heating_positive_sum,heating_n_above_threshold,heating_sum_above_threshold,heating_box_max,heating_box_mean,heating_box_sum,heating_box_positive_sum,heating_box_n_above_threshold,heating_box_sum_above_threshold,heating_box_large_max,heating_box_large_mean,heating_box_large_sum,heating_box_large_positive_sum,heating_box_large_n_above_threshold,heating_box_large_sum_above_threshold,rain_max,rain_mean,rain_sum,rain_positive_sum,rain_n_above_threshold,rain_sum_above_threshold,rain_box_max,rain_box_mean,rain_box_sum,rain_box_positive_sum,rain_box_n_above_threshold,rain_box_sum_above_threshold,rain_box_large_max,rain_box_large_mean,rain_box_large_sum,rain_box_large_positive_sum,rain_box_large_n_above_threshold,rain_box_large_sum_above_threshold,theta_max,theta_mean,theta_sum,theta_positive_sum,theta_n_above_threshold,theta_sum_above_threshold,theta_box_max,theta_box_mean,theta_box_sum,theta_box_positive_sum,theta_box_n_above_threshold,theta_box_sum_above_threshold,theta_box_large_max,theta_box_large_mean,theta_box_large_sum,theta_box_large_positive_sum,theta_box_large_n_above_threshold,theta_box_large_sum_above_threshold
strong,strong_8mshear_restart96h,8,96,wrf_ideal_8mshear_restart_at_96h_28sst_minsetup_largeTC_d2.nc,0,5,3,15.2643,45.793,45.793,137.379,15,300,500,300,500,85,115,85,115,55,145,55,145,0.0573986,0.000147116,5.88463,18.5456,986,17.4679,0.0462632,0.00385689,3.4712,4.24631,213,4.15665,0.0573986,0.000805601,6.52537,18.3904,975,17.3397,3.39851,0.047124,1884.96,1884.96,5035,1882.34,2.46288,0.614407,552.966,552.966,634,552.707,3.39851,0.231872,1878.16,1878.16,4851,1876.31,340.237,315.41,1.26164e+07,1.26164e+07,40000,1.26164e+07,340.237,329.299,296369,296369,900,296369,340.237,316.873,2.56667e+06,2.56667e+06,8100,2.56667e+06
strong,strong_8mshear_restart96h,8,96,wrf_ideal_8mshear_restart_at_96h_28sst_minsetup_largeTC_d2.nc,1,5,3,15.5563,46.669,46.669,140.007,16,300,500,300,500,84,116,84,116,52,148,52,148,0.06785,0.000188851,7.55404,19.4083,1007,18.531,0.06785,0.00674613,6.90804,7.76988,346,7.65894,0.06785,0.000878412,8.09544,19.4035,1007,18.531,2.92909,0.0487429,1949.72,1949.72,4606,1946.96,2.92909,0.757514,775.695,775.695,760,775.499,2.92909,0.211395,1948.21,1948.21,4541,1945.89,340.605,315.365,1.26146e+07,1.26146e+07,40000,1.26146e+07,340.605,327.569,335431,335431,1024,335431,340.605,316.786,2.9195e+06,2.9195e+06,9216,2.9195e+06
strong,strong_8mshear_restart96h,8,96,wrf_ideal_8mshear_restart_at_96h_28sst_minsetup_largeTC_d2.nc,2,5,3,15.5563,46.669,46.669,140.007,16,300,500,300,500,84,116,84,116,52,148,52,148,0.0593209,0.000178753,7.15012,18.2811,958,17.5371,0.0551804,0.00674992,6.91192,7.86332,368,7.79039,0.0593209,0.000812443,7.48748,18.1052,947,17.4031,2.21517,0.0446166,1784.66,1784.66,4208,1782.49,2.21517,0.715177,732.341,732.341,766,732.141,2.21517,0.192184,1771.17,1771.17,4080,1769.36,341.06,315.431,1.26172e+07,1.26172e+07,40000,1.26172e+07,341.06,328.09,335964,335964,1024,335964,341.06,316.87,2.92027e+06,2.92027e+06,9216,2.92027e+06
strong,strong_8mshear_restart96h,8,96,wrf_ideal_8mshear_restart_at_96h_28sst_minsetup_largeTC_d2.nc,3,5,3,13,39,39,117,13,300,500,300,500,87,113,87,113,61,139,61,139,0.0641844,0.000202481,8.09923,20.0877,1056,19.3626,0.0517619,0.00370931,2.5075,2.88217,140,2.85863,0.0641844,0.00132061,8.03459,18.9248,1002,18.2992,2.67761,0.0470995,1883.98,1883.98,4553,1881.59,2.67761,0.564403,381.536,381.536,427,381.369,2.67761,0.302504,1840.43,1840.43,4139,1839.15,341.313,315.519,1.26208e+07,1.26208e+07,40000,1.26208e+07,341.313,331.698,224228,224228,676,224228,341.313,317.701,1.93289e+06,1.93289e+06,6084,1.93289e+06
strong,strong_8mshear_restart96h,8,96,wrf_ideal_8mshear_restart_at_96h_28sst_minsetup_largeTC_d2.nc,4,5,3,14.8661,44.5982,44.5982,133.795,15,300,500,300,500,85,115,85,115,55,145,55,145,0.0789871,0.00016955,6.78201,20.2166,1184,19.2718,0.0709248,0.00331914,2.98723,4.08074,233,3.97824,0.0789871,0.000871171,7.05648,19.7704,1142,18.865,3.15804,0.0509252,2037.01,2037.01,5090,2034.51,2.95515,0.642163,577.947,577.947,666,577.784,3.15804,0.248842,2015.62,2015.62,4793,2014.02,343.677,315.642,1.26257e+07,1.26257e+07,40000,1.26257e+07,343.677,328.701,295831,295831,900,295831,343.677,317.024,2.5679e+06,2.5679e+06,8100,2.5679e+06
strong,strong_8mshear_restart96h,8,96,wrf_ideal_8mshear_restart_at_96h_28sst_minsetup_largeTC_d2.nc,5,5,3,10.0499,30.1496,30.1496,90.4489,10,300,500,300,500,90,110,90,110,70,130,70,130,0.0616247,0.000245834,9.83335,21.9009,1148,20.9586,0.0272898,-0.000144771,-0.0579085,0.0861895,4,0.0851464,0.0616247,0.00278463,10.0247,17.2596,895,16.8887,3.52005,0.0482611,1930.44,1930.44,5751,1927.56,2.54766,0.147068,58.8274,58.8274,175,58.7209,3.52005,0.460564,1658.03,1658.03,3210,1657.56,343.252,315.692,1.26277e+07,1.26277e+07,40000,1.26277e+07,343.252,336.487,134595,134595,400,134595,343.252,319.977,1.15192e+06,1.15192e+06,3600,1.15192e+06
strong,strong_8mshear_restart96h,8,96,wrf_ideal_8mshear_restart_at_96h_28sst_minsetup_largeTC_d2.nc,6,5,3,10.8167,32.45,32.45,97.3499,11,300,500,300,500,89,111,89,111,67,133,67,133,0.0605864,0.00027934,11.1736,23.9876,1315,22.8228,0.0506252,0.00234093,1.13301,1.38957,57,1.38095,0.0561815,0.00254579,11.0894,19.6329,1068,18.9331,3.14634,0.0509722,2038.89,2038.89,5580,2035.55,2.41681,0.443098,214.46,214.46,261,214.279,3.14634,0.408377,1778.89,1778.89,3622,1778.26,343.379,315.779,1.26312e+07,1.26312e+07,40000,1.26312e+07,343.379,334.297,161800,161800,484,161800,343.379,318.696,1.38824e+06,1.38824e+06,4356,1.38824e+06
strong,strong_8mshear_restart96h,8,96,wrf_ideal_8mshear_restart_at_96h_28sst_minsetup_largeTC_d2.nc,7,5,3,10.8167,32.45,32.45,97.3499,11,300,500,300,500,89,111,89,111,67,133,67,133,0.0541344,0.000224827,8.99307,22.3718,1218,21.3417,0.0503713,0.000706668,0.342027,0.568127,22,0.557236,0.0541344,0.00221624,9.65393,18.774,1014,18.0963,2.81123,0.0522864,2091.46,2091.46,6203,2087.69,2.02266,0.301885,146.112,146.112,241,145.924,2.81123,0.416138,1812.7,1812.7,3786,1812.19,344.066,315.731,1.26292e+07,1.26292e+07,40000,1.26292e+07,344.066,335.142,162209,162209,484,162209,344.066,318.483,1.38731e+06,1.38731e+06,4356,1.38731e+06
strong,strong_8mshear_restart96h,8,96,wrf_ideal_8mshear_restart_at_96h_28sst_minsetup_largeTC_d2.nc,8,5,3,12.0416,36.1248,36.1248,108.374,12,300,500,300,500,88,112,88,112,64,136,64,136,0.0573369,0.000210781,8.43125,21.2524,1239,20.2526,0.0390911,0.00205788,1.18534,1.471,80,1.4427,0.0573369,0.00166747,8.64415,18.575,1086,17.8348,3.34295,0.049466,1978.64,1978.64,5837,1975.05,2.56539,0.436034,251.156,251.156,334,250.978,3.34295,0.355881,1844.89,1844.89,4237,1844.17,343.106,315.759,1.26304e+07,1.26304e+07,40000,1.26304e+07,343.106,332.55,191549,191549,576,191549,343.106,318.218,1.64964e+06,1.64964e+06,5184,1.64964e+06
strong,strong_8mshear_restart96h,8,96,wrf_ideal_8mshear_restart_at_96h_28sst_minsetup_largeTC_d2.nc,9,5,3,15.1327,45.3982,45.3982,136.195,15,300,500,300,500,85,115,85,115,55,145,55,145,0.057349,0.00022453,8.98121,20.6482,1185,19.5304,0.0500313,0.00460586,4.14527,4.71245,239,4.59506,0.0500967,0.00109854,8.89814,19.6796,1152,18.6785,2.61515,0.0476675,1906.7,1906.7,6280,1902.74,1.80126,0.559149,503.234,503.234,641,503.004,2.61515,0.228313,1849.34,1849.34,5464,1847.5,342.045,315.795,1.26318e+07,1.26318e+07,40000,1.26318e+07,342.045,328.716,295844,295844,900,295844,342.045,317.401,2.57095e+06,2.57095e+06,8100,2.57095e+06
strong,strong_8mshear_restart96h,8,96,wrf_ideal_8mshear_restart_at_96h_28sst_minsetup_largeTC_d2.nc,10,5,3,12.53,37.5899,37.5899,112.77,13,300,500,300,500,87,113,87,113,61,139,61,139,0.0574891,0.000228471,9.13883,19.8522,1141,18.6713,0.0414996,0.00171582,1.1599,1.47542,102,1.42683,0.0574891,0.0015171,9.23004,18.6504,1090,17.7697,2.91134,0.0493372,1973.49,1973.49,5358,1969.97,2.24173,0.394807,266.889,266.889,394,266.683,2.91134,0.316666,1926.6,1926.6,4421,1925.33,342.21,315.976,1.26391e+07,1.26391e+07,40000,1.26391e+07,342.21,331.434,224050,224050,676,224050,342.21,318.358,1.93689e+06,1.93689e+06,6084,1.93689e+06
strong,strong_8mshear_restart96h,8,96,wrf_ideal_8mshear_restart_at_96h_28sst_minsetup_largeTC_d2.nc,11,5,3,12.3693,37.108,37.108,111.324,12,300,500,300,500,88,112,88,112,64,136,64,136,0.0485685,0.000256099,10.2439,21.0477,1260,19.9245,0.0377312,0.00188712,1.08698,1.28119,69,1.27514,0.0485685,0.00207111,10.7366,19.3499,1157,18.6055,3.63595,0.0496825,1987.3,1987.3,5375,1984.01,3.08534,0.343055,197.599,197.599,275,197.471,3.63595,0.363635,1885.08,1885.08,4105,1884.18,342.129,316.178,1.26471e+07,1.26471e+07,40000,1.26471e+07,342.129,333.279,191969,191969,576,191969,342.129,318.897,1.65316e+06,1.65316e+06,5184,1.65316e+06
strong,strong_8mshear_restart96h,8,96,wrf_ideal_8mshear_restart_at_96h_28sst_minsetup_largeTC_d2.nc,12,5,3,11.0454,33.1361,33.1361,99.4082,11,300,500,300,500,89,111,89,111,67,133,67,133,0.0586952,0.000278241,11.1297,22.9596,1315,21.6498,0.0467391,0.000382665,0.18521,0.308718,18,0.307763,0.0586952,0.0023378,10.1834,18.5606,1060,17.9655,3.94,0.0514883,2059.53,2059.53,5103,2056.53,3.03835,0.220796,106.865,106.865,216,106.647,3.07976,0.42083,1833.14,1833.14,3597,1832.23,341.771,316.446,1.26579e+07,1.26579e+07,40000,1.26579e+07,341.771,334.916,162099,162099,484,162099,341.771,319.215,1.3905e+06,1.3905e+06,4356,1.3905e+06
strong,strong_8mshear_restart96h,8,96,wrf_ideal_8mshear_restart_at_96h_28sst_minsetup_largeTC_d2.nc,13,5,3,13.4164,40.2492,40.2492,120.748,13,300,500,300,500,87,113,87,113,61,139,61,139,0.0550086,0.000210511,8.42045,21.1176,1240,19.6947,0.0501398,0.00339229,2.29319,2.54847,140,2.51332,0.0550086,0.0013243,8.05705,19.057,1101,18.0643,4.33248,0.0521364,2085.46,2085.46,5728,2083.28,2.78955,0.479049,323.837,323.837,395,323.645,4.33248,0.327484,1992.41,1992.41,4868,1991.46,342.351,316.512,1.26605e+07,1.26605e+07,40000,1.26605e+07,342.351,331.034,223779,223779,676,223779,342.351,317.888,1.93403e+06,1.93403e+06,6084,1.93403e+06
strong,strong_8mshear_restart96h,8,96,wrf_ideal_8mshear_restart_at_96h_28sst_minsetup_largeTC_d2.nc,14,5,3,16.2788,48.8365,48.8365,146.509,16,300,500,300,500,84,116,84,116,52,148,52,148,0.0751656,0.000187948,7.51792,19.0123,1057,17.7834,0.040942,0.00317378,3.24995,3.88938,229,3.66938,0.0751656,0.000817632,7.5353,18.7565,1053,17.7553,4.11411,0.046466,1858.64,1858.64,5827,1856.15,2.21801,0.458407,469.408,469.408,730,469.22,4.11411,0.200878,1851.29,1851.29,5603,1849.6,342.656,316.469,1.26588e+07,1.26588e+07,40000,1.26588e+07,342.656,327.512,335372,335372,1024,335372,342.656,317.608,2.92707e+06,2.92707e+06,9216,2.92707e+06
strong,strong_8mshear_restart96h,8,96,wrf_ideal_8mshear_restart_at_96h_28sst_minsetup_largeTC_d2.nc,15,5,3,16.5529,49.6588,49.6588,148.977,17,300,500,300,500,83,117,83,117,49,151,49,151,0.069432,0.000230953,9.23814,19.0218,1179,17.8406,0.042375,0.00423035,4.89029,5.46096,327,5.35765,0.069432,0.00088551,9.21284,18.931,1178,17.8299,2.8355,0.0461091,1844.36,1844.36,5403,1841.48,2.8355,0.576523,666.461,666.461,810,666.221,2.8355,0.176783,1839.25,1839.25,5263,1836.91,340.342,316.541,1.26616e+07,1.26616e+07,40000,1.26616e+07,340.342,326.61,377562,377562,1156,377562,340.342,317.677,3.30512e+06,3.30512e+06,10404,3.30512e+06
strong,strong_8mshear_restart96h,8,96,wrf_ideal_8mshear_restart_at_96h_28sst_minsetup_largeTC_d2.nc,16,5,3,13.1529,39.4588,39.4588,118.377,13,300,500,300,500,87,113,87,113,61,139,61,139,0.0703999,0.000247215,9.88859,20.4633,1208,19.2285,0.0507737,0.00208636,1.41038,1.67893,90,1.62345,0.0703999,0.00169357,10.3037,19.3987,1132,18.3268,4.88151,0.0491554,1966.21,1966.21,5285,1963.69,2.6578,0.322746,218.176,218.176,386,217.937,4.88151,0.315089,1917,1917,4622,1915.7,341.302,316.772,1.26709e+07,1.26709e+07,40000,1.26709e+07,341.302,331.274,223942,223942,676,223942,341.302,318.411,1.93721e+06,1.93721e+06,6084,1.93721e+06
strong,strong_8mshear_restart96h,8,96,wrf_ideal_8mshear_restart_at_96h_28sst_minsetup_largeTC_d2.nc,17,5,3,12.6491,37.9473,37.9473,113.842,13,300,500,300,500,87,113,87,113,61,139,61,139,0.0663351,0.000212914,8.51655,21.8555,1159,20.7395,0.0255079,0.000630464,0.426193,0.697233,46,0.648087,0.0663351,0.00148213,9.01728,20.7692,1101,19.7255,3.80985,0.0519082,2076.33,2076.33,5417,2073.55,2.24609,0.300883,203.397,203.397,394,203.18,3.80985,0.331869,2019.09,2019.09,4655,2017.82,340.892,316.745,1.26698e+07,1.26698e+07,40000,1.26698e+07,340.892,331.205,223895,223895,676,223895,340.892,318.2,1.93593e+06,1.93593e+06,6084,1.93593e+06
strong,strong_8mshear_restart96h,8,96,wrf_ideal_8mshear_restart_at_96h_28sst_minsetup_largeTC_d2.nc,18,5,3,8.544,25.632,25.632,76.896,9,300,500,300,500,91,109,91,109,73,127,73,127,0.0467436,0.000206858,8.2743,19.5458,1223,18.3011,0.0157144,-0.000229915,-0.0744925,0.042314,3,0.0369897,0.0454183,0.00260539,7.59732,11.696,730,11.1092,2.56396,0.0476417,1905.67,1905.67,5686,1902.65,2.05067,0.182576,59.1547,59.1547,112,58.9834,2.42768,0.427558,1246.76,1246.76,2506,1246.36,339.884,316.606,1.26642e+07,1.26642e+07,40000,1.26642e+07,339.884,334.539,108391,108391,324,108391,339.884,320.863,935635,935635,2916,935635
strong,strong_8mshear_restart96h,8,96,wrf_ideal_8mshear_restart_at_96h_28sst_minsetup_largeTC_d2.nc,19,5,3,12.6491,37.9473,37.9473,113.842,13,300,500,300,500,87,113,87,113,61,139,61,139,0.0602532,0.000217172,8.68689,20.0606,1159,18.7998,0.0241606,0.000650837,0.439966,0.72803,57,0.653813,0.0602532,0.00159185,9.68482,19.1514,1099,18.0467,3.98751,0.0479429,1917.71,1917.71,5560,1913.91,2.01735,0.262837,177.678,177.678,394,177.457,3.98751,0.306494,1864.71,1864.71,4713,1863.49,340.297,316.767,1.26707e+07,1.26707e+07,40000,1.26707e+07,340.297,330.666,223530,223530,676,223530,340.297,318.424,1.93729e+06,1.93729e+06,6084,1.93729e+06
strong,strong_8mshear_restart96h,8,96,wrf_ideal_8mshear_restart_at_96h_28sst_minsetup_largeTC_d2.nc,20,5,3,16.1555,48.4665,48.4665,145.399,16,300,500,300,500,84,116,84,116,52,148,52,148,0.0611644,0.000213702,8.54807,21.8103,1274,20.5648,0.0448151,0.00256509,2.62665,3.64536,223,3.54412,0.0611644,0.00100238,9.23796,21.7843,1272,20.5408,4.65589,0.0523917,2095.67,2095.67,5535,2091.52,3.00126,0.409291,419.114,419.114,735,418.83,4.65589,0.226573,2088.1,2088.1,5208,2085.89,340.486,316.782,1.26713e+07,1.26713e+07,40000,1.26713e+07,340.486,327.095,334946,334946,1024,334946,340.486,317.744,2.92833e+06,2.92833e+06,9216,2.92833e+06
strong,strong_8mshear_restart96h,8,96,wrf_ideal_8mshear_restart_at_96h_28sst_minsetup_largeTC_d2.nc,21,5,3,12.53,37.5899,37.5899,112.77,13,300,500,300,500,87,113,87,113,61,139,61,139,0.0724808,0.000210657,8.4263,21.9685,1288,20.8347,0.0431837,0.00157774,1.06655,1.43214,69,1.40551,0.0724808,0.00174982,10.6459,20.7942,1208,19.8752,3.71929,0.0545848,2183.39,2183.39,6133,2179.56,2.55489,0.340004,229.843,229.843,370,229.56,3.71929,0.337755,2054.9,2054.9,4869,2053.73,340.301,316.492,1.26597e+07,1.26597e+07,40000,1.26597e+07,340.301,330.634,223509,223509,676,223509,340.301,318.541,1.93801e+06,1.93801e+06,6084,1.93801e+06
strong,strong_8mshear_restart96h,8,96,wrf_ideal_8mshear_restart_at_96h_28sst_minsetup_largeTC_d2.nc,22,5,3,13.3417,40.025,40.025,120.075,13,300,500,300,500,87,113,87,113,61,139,61,139,0.0742215,0.000282835,11.3134,24.2429,1317,23.0454,0.029463,0.00127473,0.861718,1.04834,72,0.971784,0.0742215,0.0020702,12.5951,23.0242,1236,21.9418,3.8996,0.053142,2125.68,2125.68,6300,2122.29,2.79616,0.223796,151.286,151.286,398,151.021,3.8996,0.337938,2056.01,2056.01,5103,2055.24,339.662,316.335,1.26534e+07,1.26534e+07,40000,1.26534e+07,339.662,330.178,223201,223201,676,223201,339.662,318.204,1.93595e+06,1.93595e+06,6084,1.93595e+06
strong,strong_8mshear_restart96h,8,96,wrf_ideal_8mshear_restart_at_96h_28sst_minsetup_largeTC_d2.nc,23,5,3,13.0384,39.1152,39.1152,117.346,13,300,500,300,500,87,113,87,113,61,139,61,139,0.0732901,0.000217899,8.71598,23.1936,1352,22.0133,0.0293997,0.000472943,0.319709,0.606308,46,0.586793,0.0732901,0.0016674,10.1445,22.0452,1290,20.9586,3.36019,0.0546411,2185.64,2185.64,6110,2182.34,2.44564,0.233426,157.796,157.796,359,157.492,3.36019,0.346477,2107.96,2107.96,4967,2106.97,338.537,316.22,1.26488e+07,1.26488e+07,40000,1.26488e+07,338.537,330.288,223275,223275,676,223275,338.537,317.896,1.93408e+06,1.93408e+06,6084,1.93408e+06
strong,strong_9mshear_restart96h,9,96,wrf_ideal_9mshear_restart_at_96h_28sst_minsetup_largeTC_d2.nc,0,5,3,15.2643,45.793,45.793,137.379,15,300,500,300,500,85,115,85,115,55,145,55,145,0.0573986,0.000147116,5.88463,18.5456,986,17.4679,0.0462632,0.00385689,3.4712,4.24631,213,4.15665,0.0573986,0.000805601,6.52537,18.3904,975,17.3397,3.39851,0.047124,1884.96,1884.96,5035,1882.34,2.46288,0.614407,552.966,552.966,634,552.707,3.39851,0.231872,1878.16,1878.16,4851,1876.31,340.237,315.41,1.26164e+07,1.26164e+07,40000,1.26164e+07,340.237,329.299,296369,296369,900,296369,340.237,316.873,2.56667e+06,2.56667e+06,8100,2.56667e+06
strong,strong_9mshear_restart96h,9,96,wrf_ideal_9mshear_restart_at_96h_28sst_minsetup_largeTC_d2.nc,1,5,3,14.8661,44.5982,44.5982,133.795,15,300,500,300,500,85,115,85,115,55,145,55,145,0.0642684,0.00018997,7.59879,19.6962,1038,18.8376,0.0635094,0.00615792,5.54212,6.31117,281,6.24637,0.0642684,0.00101016,8.18232,19.6665,1035,18.8122,3.00864,0.0488645,1954.58,1954.58,4593,1951.84,3.00864,0.727332,654.599,654.599,634,654.412,3.00864,0.240642,1949.2,1949.2,4490,1947.07,340.521,315.367,1.26147e+07,1.26147e+07,40000,1.26147e+07,340.521,328.612,295751,295751,900,295751,340.521,317.022,2.56788e+06,2.56788e+06,8100,2.56788e+06
strong,strong_9mshear_restart96h,9,96,wrf_ideal_9mshear_restart_at_96h_28sst_minsetup_largeTC_d2.nc,2,5,3,13,39,39,117,13,300,500,300,500,87,113,87,113,61,139,61,139,0.0568413,0.000173765,6.95061,18.0761,938,17.2827,0.0345507,0.00349723,2.36413,2.92687,141,2.90512,0.05417,0.00120586,7.33648,17.6308,922,16.9486,2.37002,0.0451545,1806.18,1806.18,4166,1803.96,2.37002,0.584926,395.41,395.41,415,395.235,2.37002,0.292104,1777.16,1777.16,3942,1775.81,341.249,315.453,1.26181e+07,1.26181e+07,40000,1.26181e+07,341.249,331.529,224113,224113,676,224113,341.249,317.824,1.93364e+06,1.93364e+06,6084,1.93364e+06
strong,strong_9mshear_restart96h,9,96,wrf_ideal_9mshear_restart_at_96h_28sst_minsetup_largeTC_d2.nc,3,5,3,14.4222,43.2666,43.2666,129.8,14,300,500,300,500,86,114,86,114,58,142,58,142,0.0711487,0.000212898,8.51592,20.5229,1070,19.7085,0.0661639,0.00434875,3.40942,3.97943,192,3.90989,0.0711487,0.00112128,7.91177,18.8881,1001,18.0878,3.3784,0.0480687,1922.75,1922.75,4536,1920.27,3.3784,0.673704,528.184,528.184,533,528.028,3.3784,0.265197,1871.23,1871.23,4202,1869.7,340.893,315.555,1.26222e+07,1.26222e+07,40000,1.26222e+07,340.893,329.769,258539,258539,784,258539,340.893,317.425,2.23975e+06,2.23975e+06,7056,2.23975e+06
strong,strong_9mshear_restart96h,9,96,wrf_ideal_9mshear_restart_at_96h_28sst_minsetup_largeTC_d2.nc,4,5,3,11,33,33,99,11,300,500,300,500,89,111,89,111,67,133,67,133,0.0801347,0.000138755,5.55018,18.7606,1052,17.4929,0.0390448,0.000475526,0.230154,0.40793,23,0.398715,0.0780097,0.00137803,6.0027,15.7713,881,15.0327,3.4088,0.0511724,2046.9,2046.9,5125,2044.14,2.37909,0.248215,120.136,120.136,233,119.982,3.4088,0.423836,1846.23,1846.23,3660,1845.66,343.612,315.668,1.26267e+07,1.26267e+07,40000,1.26267e+07,343.612,334.777,162032,162032,484,162032,343.612,318.324,1.38662e+06,1.38662e+06,4356,1.38662e+06
strong,strong_9mshear_restart96h,9,96,wrf_ideal_9mshear_restart_at_96h_28sst_minsetup_largeTC_d2.nc,5,5,3,12.0416,36.1248,36.1248,108.374,12,300,500,300,500,88,112,88,112,64,136,64,136,0.0647916,0.00024505,9.80198,21.4069,1153,20.3997,0.0392578,0.000680612,0.392032,0.697491,35,0.679959,0.0647916,0.00190938,9.89824,18.6089,1018,17.9617,3.19954,0.049007,1960.28,1960.28,5947,1957.35,3.19954,0.296375,170.712,170.712,324,170.595,3.19954,0.351456,1821.95,1821.95,4251,1821.1,342.554,315.721,1.26288e+07,1.26288e+07,40000,1.26288e+07,342.554,333.631,192171,192171,576,192171,342.554,318.723,1.65226e+06,1.65226e+06,5184,1.65226e+06
strong,strong_9mshear_restart96h,9,96,wrf_ideal_9mshear_restart_at_96h_28sst_minsetup_largeTC_d2.nc,6,5,3,15.2971,45.8912,45.8912,137.674,15,300,500,300,500,85,115,85,115,55,145,55,145,0.0546121,0.000248394,9.93578,23.4728,1214,22.3942,0.0546121,0.00679544,6.1159,6.62792,277,6.53442,0.0546121,0.00125034,10.1278,22.0834,1142,21.1297,3.78906,0.0512755,2051.02,2051.02,6037,2047.55,2.79865,0.718751,646.876,646.876,638,646.667,3.78906,0.239794,1942.33,1942.33,5125,1940.92,343.114,315.802,1.26321e+07,1.26321e+07,40000,1.26321e+07,343.114,329.047,296142,296142,900,296142,343.114,317.267,2.56987e+06,2.56987e+06,8100,2.56987e+06
strong,strong_9mshear_restart96h,9,96,wrf_ideal_9mshear_restart_at_96h_28sst_minsetup_largeTC_d2.nc,7,5,3,14.7648,44.2945,44.2945,132.883,15,300,500,300,500,85,115,85,115,55,145,55,145,0.066871,0.000225077,9.00307,23.8405,1344,22.6666,0.066871,0.00458939,4.13045,4.84038,271,4.77156,0.066871,0.00119041,9.64229,22.8792,1292,21.7981,4.06716,0.0548271,2193.08,2193.08,6089,2189.01,1.82713,0.543023,488.72,488.72,636,488.471,4.06716,0.263637,2135.46,2135.46,5188,2133.78,343.163,315.78,1.26312e+07,1.26312e+07,40000,1.26312e+07,343.163,328.728,295855,295855,900,295855,343.163,316.965,2.56742e+06,2.56742e+06,8100,2.56742e+06
strong,strong_9mshear_restart96h,9,96,wrf_ideal_9mshear_restart_at_96h_28sst_minsetup_largeTC_d2.nc,8,5,3,15.2643,45.793,45.793,137.379,15,300,500,300,500,85,115,85,115,55,145,55,145,0.0619619,0.000208579,8.34315,22.5107,1252,21.4949,0.059803,0.00488131,4.39318,4.92422,232,4.83775,0.0619619,0.0010753,8.70997,21.3765,1190,20.4632,3.75506,0.0531024,2124.1,2124.1,6431,2120.01,3.75506,0.527997,475.197,475.197,616,474.979,3.75506,0.253814,2055.89,2055.89,5399,2054.5,341.514,315.759,1.26304e+07,1.26304e+07,40000,1.26304e+07,341.514,328.385,295547,295547,900,295547,341.514,317.349,2.57053e+06,2.57053e+06,8100,2.57053e+06
strong,strong_9mshear_restart96h,9,96,wrf_ideal_9mshear_restart_at_96h_28sst_minsetup_largeTC_d2.nc,9,5,3,13.6015,40.8044,40.8044,122.413,14,300,500,300,500,86,114,86,114,58,142,58,142,0.0480562,0.000194043,7.76172,20.0161,1224,18.9755,0.0443384,0.00351218,2.75355,3.14712,165,3.07308,0.0480562,0.00127823,9.01917,19.3748,1187,18.4556,3.34392,0.0478059,1912.24,1912.24,6162,1908.09,3.34392,0.516443,404.891,404.891,483,404.632,3.34392,0.263666,1860.43,1860.43,4985,1858.93,340.753,315.819,1.26328e+07,1.26328e+07,40000,1.26328e+07,340.753,329.591,258399,258399,784,258399,340.753,317.951,2.24346e+06,2.24346e+06,7056,2.24346e+06
strong,strong_9mshear_restart96h,9,96,wrf_ideal_9mshear_restart_at_96h_28sst_minsetup_largeTC_d2.nc,10,5,3,14.3178,42.9535,42.9535,128.86,14,300,500,300,500,86,114,86,114,58,142,58,142,0.0650914,0.000247536,9.90143,21.6123,1241,20.4796,0.0485398,0.00346083,2.71329,2.96934,161,2.8788,0.0650914,0.00152181,10.7379,21.3731,1236,20.431,2.98236,0.0512563,2050.25,2050.25,5953,2046.6,2.98236,0.44701,350.456,350.456,456,350.262,2.98236,0.284795,2009.52,2009.52,5075,2007.81,340.694,316.027,1.26411e+07,1.26411e+07,40000,1.26411e+07,340.694,329.735,258512,258512,784,258512,340.694,318.03,2.24402e+06,2.24402e+06,7056,2.24402e+06
strong,strong_9mshear_restart96h,9,96,wrf_ideal_9mshear_restart_at_96h_28sst_minsetup_largeTC_d2.nc,11,5,3,8.94427,26.8328,26.8328,80.4984,9,300,500,300,500,91,109,91,109,73,127,73,127,0.057945,0.00025456,10.1824,22.6025,1250,21.4432,4.19041e-05,-0.000144899,-0.0469472,0.00037171,0,0,0.057945,0.00319951,9.32977,14.645,804,14.2324,3.76669,0.0512097,2048.39,2048.39,5336,2045.26,3.01153,0.223201,72.317,72.317,102,72.2219,3.76669,0.484553,1412.96,1412.96,2485,1412.68,340.229,316.235,1.26494e+07,1.26494e+07,40000,1.26494e+07,340.229,335.863,108820,108820,324,108820,340.229,320.767,935357,935357,2916,935357
strong,strong_9mshear_restart96h,9,96,wrf_ideal_9mshear_restart_at_96h_28sst_minsetup_largeTC_d2.nc,12,5,3,12.1655,36.4966,36.4966,109.49,12,300,500,300,500,88,112,88,112,64,136,64,136,0.0515856,0.000208241,8.32962,20.2227,1229,18.559,0.0257713,0.000547079,0.315117,0.462323,36,0.447524,0.0515856,0.00162646,8.43157,16.9963,1015,15.8777,3.55599,0.0477224,1908.9,1908.9,5734,1905.98,3.55599,0.253261,145.879,145.879,269,145.636,3.55599,0.331822,1720.16,1720.16,4092,1719.23,340.731,316.288,1.26515e+07,1.26515e+07,40000,1.26515e+07,340.731,330.56,190402,190402,576,190402,340.731,318.284,1.64998e+06,1.64998e+06,5184,1.64998e+06
strong,strong_9mshear_restart96h,9,96,wrf_ideal_9mshear_restart_at_96h_28sst_minsetup_largeTC_d2.nc,13,5,3,15.0333,45.0999,45.0999,135.3,15,300,500,300,500,85,115,85,115,55,145,55,145,0.0638965,0.000223397,8.93586,19.4466,1206,18.0701,0.0513064,0.00320118,2.88106,3.29324,201,3.21166,0.0513064,0.00110189,8.92531,17.6283,1116,16.6489,4.64474,0.0438248,1752.99,1752.99,5986,1749.51,2.9796,0.433985,390.586,390.586,551,390.4,4.64474,0.204008,1652.46,1652.46,5124,1650.43,340.473,316.424,1.2657e+07,1.2657e+07,40000,1.2657e+07,340.473,328.045,295241,295241,900,295241,340.473,317.826,2.57439e+06,2.57439e+06,8100,2.57439e+06
strong,strong_9mshear_restart96h,9,96,wrf_ideal_9mshear_restart_at_96h_28sst_minsetup_largeTC_d2.nc,14,5,3,10.0499,30.1496,30.1496,90.4489,10,300,500,300,500,90,110,90,110,70,130,70,130,0.0751161,0.000239845,9.59379,22.2199,1298,20.59,0.0222708,0.00018629,0.0745159,0.148929,12,0.147432,0.055321,0.00243192,8.75491,15.1211,885,14.3709,3.29158,0.0464752,1859.01,1859.01,5979,1855.12,2.38233,0.187004,74.8015,74.8015,141,74.6488,3.29158,0.390986,1407.55,1407.55,2943,1406.79,338.832,316.474,1.2659e+07,1.2659e+07,40000,1.2659e+07,338.832,333.935,133574,133574,400,133574,338.832,319.441,1.14999e+06,1.14999e+06,3600,1.14999e+06
strong,strong_9mshear_restart96h,9,96,wrf_ideal_9mshear_restart_at_96h_28sst_minsetup_largeTC_d2.nc,15,5,3,11.3137,33.9411,33.9411,101.823,11,300,500,300,500,89,111,89,111,67,133,67,133,0.0685779,0.000198479,7.93918,20.6656,1293,18.9431,0.0148354,0.000264323,0.127932,0.232712,22,0.191431,0.0685779,0.00163313,7.1139,13.5918,869,12.7845,2.3696,0.0459104,1836.42,1836.42,6242,1832.94,1.72487,0.209644,101.468,101.468,192,101.22,2.25009,0.334883,1458.75,1458.75,3612,1458.09,340.384,316.419,1.26568e+07,1.26568e+07,40000,1.26568e+07,340.384,332.038,160706,160706,484,160706,340.384,318.646,1.38802e+06,1.38802e+06,4356,1.38802e+06
strong,strong_9mshear_restart96h,9,96,wrf_ideal_9mshear_restart_at_96h_28sst_minsetup_largeTC_d2.nc,16,5,3,15.5563,46.669,46.669,140.007,16,300,500,300,500,84,116,84,116,52,148,52,148,0.0634108,0.000186242,7.44969,18.517,1211,17.029,0.0362998,0.00189316,1.9386,2.58761,180,2.38047,0.0634108,0.000821944,7.57503,17.9204,1177,16.5778,3.41444,0.0418814,1675.26,1675.26,6172,1671.99,2.02742,0.336399,344.472,344.472,647,344.243,2.68435,0.177163,1632.73,1632.73,5682,1630.49,337.787,316.513,1.26605e+07,1.26605e+07,40000,1.26605e+07,337.787,325.833,333653,333653,1024,333653,337.787,317.57,2.92672e+06,2.92672e+06,9216,2.92672e+06
strong,strong_9mshear_restart96h,9,96,wrf_ideal_9mshear_restart_at_96h_28sst_minsetup_largeTC_d2.nc,17,5,3,14.8661,44.5982,44.5982,133.795,15,300,500,300,500,85,115,85,115,55,145,55,145,0.0527157,0.000260302,10.4121,21.1432,1371,19.661,0.0431719,0.00264332,2.37898,2.64993,176,2.55703,0.0527157,0.00131634,10.6623,19.4802,1281,18.0758,3.97545,0.0433051,1732.2,1732.2,5889,1728.61,2.8115,0.302509,272.258,272.258,558,271.995,3.97545,0.201908,1635.45,1635.45,5001,1633.19,338.191,316.809,1.26724e+07,1.26724e+07,40000,1.26724e+07,338.191,327.396,294656,294656,900,294656,338.191,318.172,2.57719e+06,2.57719e+06,8100,2.57719e+06
strong,strong_9mshear_restart96h,9,96,wrf_ideal_9mshear_restart_at_96h_28sst_minsetup_largeTC_d2.nc,18,5,3,11.7047,35.1141,35.1141,105.342,12,300,500,300,500,88,112,88,112,64,136,64,136,0.0592447,0.000251588,10.0635,22.0825,1378,20.627,0.0275332,0.000243545,0.140282,0.278654,19,0.261527,0.0592447,0.00192422,9.97514,17.6467,1096,16.6062,4.1656,0.0506313,2025.25,2025.25,6219,2021.52,1.99402,0.132599,76.377,76.377,353,76.059,4.1656,0.328218,1701.48,1701.48,4214,1700.34,337.751,316.939,1.26776e+07,1.26776e+07,40000,1.26776e+07,337.751,330.206,190199,190199,576,190199,337.751,319.028,1.65384e+06,1.65384e+06,5184,1.65384e+06
strong,strong_9mshear_restart96h,9,96,wrf_ideal_9mshear_restart_at_96h_28sst_minsetup_largeTC_d2.nc,19,5,3,13,39,39,117,13,300,500,300,500,87,113,87,113,61,139,61,139,0.0679534,0.000249313,9.97251,23.0775,1472,21.2836,0.0203184,0.000592648,0.40063,0.665291,47,0.578167,0.0638151,0.00171318,10.423,18.3741,1194,17.0914,4.34338,0.0504335,2017.34,2017.34,6954,2013.1,2.59015,0.243673,164.723,164.723,399,164.448,4.34338,0.298034,1813.24,1813.24,4911,1811.86,334.554,316.522,1.26609e+07,1.26609e+07,40000,1.26609e+07,334.554,326.981,221039,221039,676,221039,334.554,318.076,1.93518e+06,1.93518e+06,6084,1.93518e+06
strong,strong_9mshear_restart96h,9,96,wrf_ideal_9mshear_restart_at_96h_28sst_minsetup_largeTC_d2.nc,20,5,3,12.2066,36.6197,36.6197,109.859,12,300,500,300,500,88,112,88,112,64,136,64,136,0.0546855,0.00025462,10.1848,23.3537,1517,21.2728,0.0404281,0.0012313,0.70923,0.890256,46,0.863457,0.043618,0.00186064,9.64557,16.4033,1087,14.9601,3.2236,0.0509633,2038.53,2038.53,7350,2033.28,3.05318,0.239908,138.187,138.187,243,138.014,3.2236,0.312931,1622.24,1622.24,4067,1621.37,335.723,316.345,1.26538e+07,1.26538e+07,40000,1.26538e+07,335.723,329.066,189542,189542,576,189542,335.723,318.51,1.65115e+06,1.65115e+06,5184,1.65115e+06
strong,strong_9mshear_restart96h,9,96,wrf_ideal_9mshear_restart_at_96h_28sst_minsetup_largeTC_d2.nc,21,5,3,16.1245,48.3735,48.3735,145.121,16,300,500,300,500,84,116,84,116,52,148,52,148,0.0622775,0.00029333,11.7332,25.3108,1594,23.5633,0.0460887,0.00473722,4.85091,5.2858,288,5.15877,0.049214,0.00131994,12.1646,23.8345,1512,22.2129,2.94279,0.0540787,2163.15,2163.15,6900,2157.93,2.54654,0.465815,476.995,476.995,691,476.757,2.94279,0.2267,2089.27,2089.27,5837,2087.07,336.072,316.527,1.26611e+07,1.26611e+07,40000,1.26611e+07,336.072,326.154,333981,333981,1024,333981,336.072,317.653,2.92749e+06,2.92749e+06,9216,2.92749e+06
strong,strong_9mshear_restart96h,9,96,wrf_ideal_9mshear_restart_at_96h_28sst_minsetup_largeTC_d2.nc,22,5,3,15.2315,45.6946,45.6946,137.084,15,300,500,300,500,85,115,85,115,55,145,55,145,0.0606373,0.000261965,10.4786,25.108,1471,23.5746,0.0319769,0.00271941,2.44747,2.85939,192,2.74388,0.0562843,0.00139693,11.3151,22.2575,1304,21.0484,3.55709,0.0572197,2288.79,2288.79,7446,2284.15,2.31694,0.385972,347.375,347.375,592,347.171,3.55709,0.257842,2088.52,2088.52,5727,2086.65,336.851,316.39,1.26556e+07,1.26556e+07,40000,1.26556e+07,336.851,326.508,293857,293857,900,293857,336.851,317.527,2.57197e+06,2.57197e+06,8100,2.57197e+06
strong,strong_9mshear_restart96h,9,96,wrf_ideal_9mshear_restart_at_96h_28sst_minsetup_largeTC_d2.nc,23,5,3,17.0294,51.0882,51.0882,153.264,17,300,500,300,500,83,117,83,117,49,151,49,151,0.069956,0.000169852,6.79408,23.8668,1565,21.9211,0.0324782,0.0017607,2.03537,2.68262,187,2.43014,0.069956,0.000703414,7.31832,22.6486,1482,20.868,4.14692,0.0533274,2133.1,2133.1,7526,2128.42,1.64542,0.285782,330.364,330.364,832,330.162,4.14692,0.199981,2080.6,2080.6,6835,2077.77,334.348,316.028,1.26411e+07,1.26411e+07,40000,1.26411e+07,334.348,324.186,374760,374760,1156,374760,334.348,316.702,3.29496e+06,3.29496e+06,10404,3.29496e+06
strong,strong_12mshear_restart90h,12,90,wrf_ideal_12mshear_restart_at_90h_28sst_minsetup_largeTC_d2.nc,0,5,3,14.3178,42.9535,42.9535,128.86,14,300,500,300,500,86,114,86,114,58,142,58,142,0.077359,0.000247042,9.88167,21.0454,1224,19.9147,0.0424216,0.00194907,1.52807,1.92548,124,1.87567,0.077359,0.0013711,9.67445,19.5214,1142,18.5522,3.52832,0.0530484,2121.94,2121.94,5891,2119.81,2.06768,0.324314,254.262,254.262,476,254.043,3.52832,0.289031,2039.4,2039.4,5295,2038.15,336.823,316.076,1.26431e+07,1.26431e+07,40000,1.26431e+07,336.823,328.206,257313,257313,784,257313,336.823,317.488,2.2402e+06,2.2402e+06,7056,2.2402e+06
strong,strong_12mshear_restart90h,12,90,wrf_ideal_12mshear_restart_at_90h_28sst_minsetup_largeTC_d2.nc,1,5,3,15.6525,46.9574,46.9574,140.872,16,300,500,300,500,84,116,84,116,52,148,52,148,0.0609779,0.00024997,9.99878,21.2619,1185,20.3266,0.0416167,0.00329712,3.37625,4.19269,233,4.09577,0.0609779,0.00115772,10.6696,21.2224,1182,20.2958,3.23338,0.052244,2089.76,2089.76,5948,2087.1,3.23338,0.469825,481.101,481.101,704,480.844,3.23338,0.226123,2083.95,2083.95,5783,2082.16,336.996,315.926,1.2637e+07,1.2637e+07,40000,1.2637e+07,336.996,326.551,334389,334389,1024,334389,336.996,317.276,2.92402e+06,2.92402e+06,9216,2.92402e+06
strong,strong_12mshear_restart90h,12,90,wrf_ideal_12mshear_restart_at_90h_28sst_minsetup_largeTC_d2.nc,2,5,3,17.1172,51.3517,51.3517,154.055,17,300,500,300,500,83,117,83,117,49,151,49,151,0.0642086,0.000230804,9.23216,19.7558,1110,18.5492,0.0642086,0.00721945,8.34568,9.14979,411,9.01446,0.0642086,0.000954474,9.93035,19.7324,1108,18.5352,3.83867,0.0526355,2105.42,2105.42,5542,2101.32,3.83867,0.759419,877.889,877.889,873,877.64,3.83867,0.201705,2098.54,2098.54,5320,2096.05,337.648,315.886,1.26355e+07,1.26355e+07,40000,1.26355e+07,337.648,325.802,376627,376627,1156,376627,337.648,317.14,3.29952e+06,3.29952e+06,10404,3.29952e+06
strong,strong_12mshear_restart90h,12,90,wrf_ideal_12mshear_restart_at_90h_28sst_minsetup_largeTC_d2.nc,3,5,3,14.4222,43.2666,43.2666,129.8,14,300,500,300,500,86,114,86,114,58,142,58,142,0.0567427,0.000257066,10.2826,24.3458,1295,22.9891,0.0567427,0.00608113,4.7676,5.32394,219,5.23722,0.0567427,0.00142543,10.0579,22.2178,1170,21.2563,4.73293,0.057945,2317.8,2317.8,5791,2313.46,4.73293,0.727598,570.436,570.436,551,570.195,4.73293,0.314641,2220.11,2220.11,4780,2218.42,338.07,315.789,1.26316e+07,1.26316e+07,40000,1.26316e+07,338.07,327.894,257069,257069,784,257069,338.07,317.226,2.23835e+06,2.23835e+06,7056,2.23835e+06
strong,strong_12mshear_restart90h,12,90,wrf_ideal_12mshear_restart_at_90h_28sst_minsetup_largeTC_d2.nc,4,5,3,15.1327,45.3982,45.3982,136.195,15,300,500,300,500,85,115,85,115,55,145,55,145,0.0622844,0.000263395,10.5358,27.2274,1513,25.7763,0.0622844,0.00748706,6.73836,7.46766,319,7.41369,0.0622844,0.00102516,8.30378,22.7338,1263,21.7384,3.20767,0.0562861,2251.44,2251.44,6861,2247.31,3.20767,0.695066,625.559,625.559,627,625.37,3.20767,0.251614,2038.07,2038.07,5697,2036.23,338.821,315.76,1.26304e+07,1.26304e+07,40000,1.26304e+07,338.821,326.774,294096,294096,900,294096,338.821,317.126,2.56872e+06,2.56872e+06,8100,2.56872e+06
strong,strong_12mshear_restart90h,12,90,wrf_ideal_12mshear_restart_at_90h_28sst_minsetup_largeTC_d2.nc,5,5,3,17.0294,51.0882,51.0882,153.264,17,300,500,300,500,83,117,83,117,49,151,49,151,0.0699344,0.000180117,7.20466,23.4788,1453,21.9348,0.0699344,0.00492766,5.69638,6.6928,382,6.58523,0.0699344,0.00059057,6.14429,19.7871,1217,18.6749,3.47455,0.054533,2181.32,2181.32,7265,2177.54,3.47455,0.507833,587.055,587.055,868,586.938,3.47455,0.189361,1970.11,1970.11,5999,1967.92,338.894,315.727,1.26291e+07,1.26291e+07,40000,1.26291e+07,338.894,324.65,375295,375295,1156,375295,338.894,316.877,3.29679e+06,3.29679e+06,10404,3.29679e+06
strong,strong_12mshear_restart90h,12,90,wrf_ideal_12mshear_restart_at_90h_28sst_minsetup_largeTC_d2.nc,6,5,3,13.4164,40.2492,40.2492,120.748,13,300,500,300,500,87,113,87,113,61,139,61,139,0.0728376,0.000183596,7.34382,23.1548,1387,21.5641,0.0463226,0.00372388,2.51734,2.87076,148,2.80663,0.0651282,0.00116836,7.10833,14.7564,883,13.8856,4.60144,0.0508751,2035,2035,8149,2030.28,2.37716,0.51001,344.767,344.767,348,344.606,4.60144,0.240048,1460.45,1460.45,4451,1458.89,337.839,315.636,1.26254e+07,1.26254e+07,40000,1.26254e+07,337.839,327.799,221592,221592,676,221592,337.839,318.389,1.93708e+06,1.93708e+06,6084,1.93708e+06
strong,strong_12mshear_restart90h,12,90,wrf_ideal_12mshear_restart_at_90h_28sst_minsetup_largeTC_d2.nc,7,5,3,18.6011,55.8032,55.8032,167.41,19,300,500,300,500,81,119,81,119,43,157,43,157,0.0727455,0.000255041,10.2016,25.2143,1675,23.1303,0.0467665,0.00423493,6.11524,7.66562,514,7.3384,0.0727455,0.000838037,10.8911,22.5851,1519,20.7866,4.60151,0.0505515,2022.06,2022.06,7924,2017.26,3.11595,0.503719,727.37,727.37,1095,727.152,4.60151,0.14109,1833.61,1833.61,6485,1830.64,338.471,315.651,1.2626e+07,1.2626e+07,40000,1.2626e+07,338.471,322.557,465772,465772,1444,465772,338.471,316.959,4.1192e+06,4.1192e+06,12996,4.1192e+06
strong,strong_12mshear_restart90h,12,90,wrf_ideal_12mshear_restart_at_90h_28sst_minsetup_largeTC_d2.nc,8,5,3,18.3848,55.1543,55.1543,165.463,18,300,500,300,500,82,118,82,118,46,154,46,154,0.0794525,0.000262025,10.481,24.9347,1636,22.8887,0.0421357,0.00370691,4.80416,5.65323,384,5.41697,0.0794525,0.000793815,9.25906,20.9587,1391,19.2896,4.19912,0.0461013,1844.05,1844.05,7317,1839.48,4.13146,0.353608,458.275,458.275,911,457.982,4.19912,0.1422,1658.62,1658.62,6047,1656.14,338.252,315.616,1.26247e+07,1.26247e+07,40000,1.26247e+07,338.252,322.518,417983,417983,1296,417983,338.252,316.467,3.69127e+06,3.69127e+06,11664,3.69127e+06
strong,strong_12mshear_restart90h,12,90,wrf_ideal_12mshear_restart_at_90h_28sst_minsetup_largeTC_d2.nc,9,5,3,17.4642,52.3927,52.3927,157.178,17,300,500,300,500,83,117,83,117,49,151,49,151,0.0740099,0.000184445,7.3778,23.9762,1536,21.665,0.0482418,0.00353461,4.08601,4.69237,334,4.4604,0.0740099,0.00074344,7.73475,18.9705,1268,17.1091,3.95721,0.048562,1942.48,1942.48,8632,1937.59,3.04077,0.441041,509.844,509.844,805,509.577,3.95721,0.156892,1632.3,1632.3,6621,1629.97,335.893,315.473,1.26189e+07,1.26189e+07,40000,1.26189e+07,335.893,322.731,373077,373077,1156,373077,335.893,316.47,3.29255e+06,3.29255e+06,10404,3.29255e+06
strong,strong_12mshear_restart90h,12,90,wrf_ideal_12mshear_restart_at_90h_28sst_minsetup_largeTC_d2.nc,10,5,3,17,51,51,153,17,300,500,300,500,83,117,83,117,49,151,49,151,0.075619,0.000171478,6.85913,21.4341,1370,18.6397,0.0358034,0.0035901,4.15015,4.65254,353,4.35084,0.0669734,0.000755807,7.86342,16.3671,1077,14.0017,3.49418,0.0439623,1758.49,1758.49,8223,1751.49,2.24277,0.31173,360.36,360.36,738,360.088,3.40163,0.134481,1399.14,1399.14,5844,1395.65,333.667,315.397,1.26159e+07,1.26159e+07,40000,1.26159e+07,333.667,322.188,372450,372450,1156,372450,333.667,316.34,3.2912e+06,3.2912e+06,10404,3.2912e+06
strong,strong_12mshear_restart90h,12,90,wrf_ideal_12mshear_restart_at_90h_28sst_minsetup_largeTC_d2.nc,11,5,3,12.1655,36.4966,36.4966,109.49,12,300,500,300,500,88,112,88,112,64,136,64,136,0.0641613,0.000213102,8.52407,22.3004,1474,18.8927,0.0279466,0.00392443,2.26047,2.405,170,2.33032,0.0641613,0.00164626,8.53422,12.8595,884,10.8662,4.13706,0.0425485,1701.94,1701.94,8393,1695.24,2.20152,0.274043,157.849,157.849,335,157.674,4.13706,0.207726,1076.85,1076.85,3561,1075.19,332.934,315.439,1.26176e+07,1.26176e+07,40000,1.26176e+07,332.934,324.576,186956,186956,576,186956,332.934,317.77,1.64732e+06,1.64732e+06,5184,1.64732e+06
strong,strong_12mshear_restart90h,12,90,wrf_ideal_12mshear_restart_at_90h_28sst_minsetup_largeTC_d2.nc,12,5,3,19.2094,57.6281,57.6281,172.884,19,300,500,300,500,81,119,81,119,43,157,43,157,0.0613238,0.000229624,9.18494,22.7434,1418,19.1411,0.0462007,0.00382017,5.51632,6.14613,483,5.59685,0.0590853,0.000590344,7.67211,16.0681,1081,12.8388,2.75956,0.0416635,1666.54,1666.54,8034,1659.93,2.75956,0.341953,493.78,493.78,1010,493.481,2.75956,0.101356,1317.22,1317.22,6037,1313.38,333.171,315.56,1.26224e+07,1.26224e+07,40000,1.26224e+07,333.171,321.623,464423,464423,1444,464423,333.171,316.344,4.11121e+06,4.11121e+06,12996,4.11121e+06
strong,strong_12mshear_restart90h,12,90,wrf_ideal_12mshear_restart_at_90h_28sst_minsetup_largeTC_d2.nc,13,5,3,12.1655,36.4966,36.4966,109.49,12,300,500,300,500,88,112,88,112,64,136,64,136,0.0768479,0.000225849,9.03396,22.4072,1456,19.4826,0.035283,0.00165433,0.952893,1.07315,73,0.983231,0.0404799,0.00147285,7.63523,10.7908,813,9.42019,3.62826,0.0446937,1787.75,1787.75,8324,1781.89,3.0471,0.234845,135.271,135.271,272,135.196,3.62826,0.203186,1053.32,1053.32,3470,1052.3,333.068,315.628,1.26251e+07,1.26251e+07,40000,1.26251e+07,333.068,326.106,187837,187837,576,187837,333.068,318.257,1.64984e+06,1.64984e+06,5184,1.64984e+06
strong,strong_12mshear_restart90h,12,90,wrf_ideal_12mshear_restart_at_90h_28sst_minsetup_largeTC_d2.nc,14,5,3,15.6205,46.8615,46.8615,140.584,16,300,500,300,500,84,116,84,116,52,148,52,148,0.079462,0.000280137,11.2055,25.7682,1613,21.5501,0.033275,0.00294055,3.01112,3.2817,234,3.05042,0.0675189,0.00126549,11.6628,18.1356,1236,14.4645,3.99568,0.046633,1865.32,1865.32,8519,1859.6,2.92902,0.246361,252.274,252.274,617,251.995,3.99568,0.152588,1406.25,1406.25,4998,1404.17,334.909,315.831,1.26332e+07,1.26332e+07,40000,1.26332e+07,334.909,323.673,331442,331442,1024,331442,334.909,317.122,2.92259e+06,2.92259e+06,9216,2.92259e+06
strong,strong_12mshear_restart90h,12,90,wrf_ideal_12mshear_restart_at_90h_28sst_minsetup_largeTC_d2.nc,15,5,3,17.8045,53.4135,53.4135,160.24,18,300,500,300,500,82,118,82,118,46,154,46,154,0.0751743,0.000200927,8.03707,22.7973,1436,19.2942,0.0322126,0.00206244,2.67292,3.21736,221,3.01381,0.049582,0.000824963,9.62237,17.7806,1188,14.7054,2.63974,0.0448983,1795.93,1795.93,9637,1789.5,1.76742,0.208593,270.337,270.337,740,270.105,2.63974,0.123294,1438.1,1438.1,6428,1435.32,334.522,315.724,1.2629e+07,1.2629e+07,40000,1.2629e+07,334.522,323.495,419249,419249,1296,419249,334.522,316.705,3.69405e+06,3.69405e+06,11664,3.69405e+06
strong,strong_12mshear_restart90h,12,90,wrf_ideal_12mshear_restart_at_90h_28sst_minsetup_largeTC_d2.nc,16,5,3,15.8114,47.4342,47.4342,142.302,16,300,500,300,500,84,116,84,116,52,148,52,148,0.0634749,0.000230418,9.21674,22.781,1549,19.2827,0.0328484,0.0030117,3.08398,3.28798,225,3.0956,0.0428444,0.00113619,10.4711,17.9483,1268,15.2245,3.18291,0.046629,1865.16,1865.16,8402,1858.28,3.18291,0.287988,294.9,294.9,608,294.488,3.18291,0.17153,1580.82,1580.82,5657,1578.28,333.428,315.809,1.26324e+07,1.26324e+07,40000,1.26324e+07,333.428,323.916,331690,331690,1024,331690,333.428,317.238,2.92366e+06,2.92366e+06,9216,2.92366e+06
strong,strong_12mshear_restart90h,12,90,wrf_ideal_12mshear_restart_at_90h_28sst_minsetup_largeTC_d2.nc,17,5,3,14.2127,42.638,42.638,127.914,14,300,500,300,500,86,114,86,114,58,142,58,142,0.0687469,0.000213996,8.55984,21.9223,1520,18.6678,0.0258155,0.000667783,0.523542,0.745219,51,0.673656,0.056628,0.00141902,10.0126,15.6003,1171,13.3944,3.17031,0.0421648,1686.59,1686.59,8588,1680.31,2.2712,0.166208,130.307,130.307,312,130.064,3.17031,0.178828,1261.81,1261.81,4661,1260.13,331.571,315.894,1.26358e+07,1.26358e+07,40000,1.26358e+07,331.571,324.898,254720,254720,784,254720,331.571,317.691,2.24163e+06,2.24163e+06,7056,2.24163e+06
strong,strong_12mshear_restart90h,12,90,wrf_ideal_12mshear_restart_at_90h_28sst_minsetup_largeTC_d2.nc,18,5,3,18.4391,55.3173,55.3173,165.952,18,300,500,300,500,82,118,82,118,46,154,46,154,0.0806438,0.000180584,7.22338,19.1779,1215,15.1098,0.0177648,0.00119556,1.54944,1.91562,166,1.29618,0.0806438,0.000675517,7.87923,15.7498,1052,12.3926,4.49395,0.0409021,1636.09,1636.09,8916,1630.7,1.46331,0.136839,177.343,177.343,742,177.006,4.49395,0.120934,1410.58,1410.58,6592,1407.91,332.049,315.847,1.26339e+07,1.26339e+07,40000,1.26339e+07,332.049,322.429,417867,417867,1296,417867,332.049,316.498,3.69164e+06,3.69164e+06,11664,3.69164e+06
strong,strong_12mshear_restart90h,12,90,wrf_ideal_12mshear_restart_at_90h_28sst_minsetup_largeTC_d2.nc,19,5,3,19.2094,57.6281,57.6281,172.884,19,300,500,300,500,81,119,81,119,43,157,43,157,0.0600382,0.000174547,6.98187,18.3229,1160,14.9471,0.0283672,0.00269952,3.89811,4.38791,318,3.88143,0.0462646,0.000576446,7.49149,15.8279,1037,13.007,3.93312,0.0398746,1594.98,1594.98,7902,1588.13,2.52429,0.203271,293.523,293.523,921,293.172,3.93312,0.11236,1460.23,1460.23,6308,1456.27,330.246,315.885,1.26354e+07,1.26354e+07,40000,1.26354e+07,330.246,321.19,463799,463799,1444,463799,330.246,316.501,4.11324e+06,4.11324e+06,12996,4.11324e+06
strong,strong_12mshear_restart90h,12,90,wrf_ideal_12mshear_restart_at_90h_28sst_minsetup_largeTC_d2.nc,20,5,3,13.6015,40.8044,40.8044,122.413,14,300,500,300,500,86,114,86,114,58,142,58,142,0.0735514,0.000240295,9.61181,20.1895,1264,16.0753,0.0308505,0.00176582,1.3844,1.54552,98,1.3776,0.0590834,0.00163191,11.5147,15.2193,959,11.9266,3.78747,0.0410948,1643.79,1643.79,8080,1638.01,2.92732,0.17018,133.421,133.421,438,133.219,3.78747,0.176034,1242.09,1242.09,3840,1240.2,332.134,315.981,1.26392e+07,1.26392e+07,40000,1.26392e+07,332.134,324.526,254428,254428,784,254428,332.134,317.915,2.24321e+06,2.24321e+06,7056,2.24321e+06
strong,strong_12mshear_restart90h,12,90,wrf_ideal_12mshear_restart_at_90h_28sst_minsetup_largeTC_d2.nc,21,5,3,17.0294,51.0882,51.0882,153.264,17,300,500,300,500,83,117,83,117,49,151,49,151,0.0845765,0.000194073,7.76292,18.5855,1137,15.2386,0.0339534,0.00190666,2.2041,2.91082,185,2.77918,0.0845765,0.000939984,9.7796,16.2123,1000,13.4185,5.84928,0.0403829,1615.31,1615.31,7335,1609.44,2.99878,0.209864,242.603,242.603,622,242.338,5.84928,0.139796,1454.44,1454.44,5246,1451.65,331.873,316.095,1.26438e+07,1.26438e+07,40000,1.26438e+07,331.873,323.031,373424,373424,1156,373424,331.873,317.115,3.29927e+06,3.29927e+06,10404,3.29927e+06
strong,strong_12mshear_restart90h,12,90,wrf_ideal_12mshear_restart_at_90h_28sst_minsetup_largeTC_d2.nc,22,5,3,11.6619,34.9857,34.9857,104.957,12,300,500,300,500,88,112,88,112,64,136,64,136,0.0708924,0.000216896,8.67583,19.3431,1131,16.6122,0.0327636,-0.000386331,-0.222527,0.242782,20,0.182815,0.0708924,0.0014789,7.66662,10.4443,594,9.21882,4.48454,0.0432866,1731.47,1731.47,6886,1725.63,4.26591,0.187395,107.94,107.94,319,107.786,4.48454,0.220341,1142.25,1142.25,2653,1140.56,330.248,316.092,1.26437e+07,1.26437e+07,40000,1.26437e+07,330.248,324.839,187107,187107,576,187107,330.248,318.659,1.65193e+06,1.65193e+06,5184,1.65193e+06
strong,strong_12mshear_restart90h,12,90,wrf_ideal_12mshear_restart_at_90h_28sst_minsetup_largeTC_d2.nc,23,5,3,17.4929,52.4786,52.4786,157.436,17,300,500,300,500,83,117,83,117,49,151,49,151,0.0646671,0.000197925,7.91699,19.4447,1252,16.911,0.0284212,0.00181959,2.10344,2.59611,182,2.3557,0.0572099,0.000775249,8.06569,15.3264,991,13.2741,4.14226,0.0438288,1753.15,1753.15,7084,1747.89,2.31076,0.17203,198.866,198.866,369,198.535,4.14226,0.146514,1524.33,1524.33,4783,1522.34,331.173,316.187,1.26475e+07,1.26475e+07,40000,1.26475e+07,331.173,323.355,373799,373799,1156,373799,331.173,317.117,3.29929e+06,3.29929e+06,10404,3.29929e+06
strong,strong_12mshear_restart96h,12,96,wrf_ideal_12mshear_restart_at_96h_28sst_minsetup_largeTC_d2.nc,0,5,3,15.2643,45.793,45.793,137.379,15,300,500,300,500,85,115,85,115,55,145,55,145,0.0573986,0.000147116,5.88463,18.5456,986,17.4679,0.0462632,0.00385689,3.4712,4.24631,213,4.15665,0.0573986,0.000805601,6.52537,18.3904,975,17.3397,3.39851,0.047124,1884.96,1884.96,5035,1882.34,2.46288,0.614407,552.966,552.966,634,552.707,3.39851,0.231872,1878.16,1878.16,4851,1876.31,340.237,315.41,1.26164e+07,1.26164e+07,40000,1.26164e+07,340.237,329.299,296369,296369,900,296369,340.237,316.873,2.56667e+06,2.56667e+06,8100,2.56667e+06
strong,strong_12mshear_restart96h,12,96,wrf_ideal_12mshear_restart_at_96h_28sst_minsetup_largeTC_d2.nc,1,5,3,15,45,45,135,15,300,500,300,500,85,115,85,115,55,145,55,145,0.0797168,0.000190823,7.63293,19.9301,1069,19.1094,0.0493744,0.00649553,5.84598,6.67775,278,6.59677,0.0797168,0.00102117,8.27144,19.8981,1067,19.0883,3.23569,0.0488661,1954.65,1954.65,4612,1952.15,3.23569,0.720467,648.42,648.42,635,648.248,3.23569,0.2406,1948.86,1948.86,4503,1946.93,340.362,315.377,1.26151e+07,1.26151e+07,40000,1.26151e+07,340.362,328.283,295455,295455,900,295455,340.362,317.097,2.56849e+06,2.56849e+06,8100,2.56849e+06
strong,strong_12mshear_restart96h,12,96,wrf_ideal_12mshear_restart_at_96h_28sst_minsetup_largeTC_d2.nc,2,5,3,14,42,42,126,14,300,500,300,500,86,114,86,114,58,142,58,142,0.0613886,0.000175373,7.01493,18.5588,936,17.6381,0.0529922,0.00521514,4.08867,4.82943,210,4.77606,0.0613886,0.00104028,7.34022,18.1495,924,17.4094,3.02999,0.0454436,1817.74,1817.74,4295,1815.51,3.02999,0.695054,544.923,544.923,520,544.705,3.02999,0.253984,1792.11,1792.11,4102,1790.65,341.566,315.496,1.26199e+07,1.26199e+07,40000,1.26199e+07,341.566,329.76,258532,258532,784,258532,341.566,317.561,2.24071e+06,2.24071e+06,7056,2.24071e+06
strong,strong_12mshear_restart96h,12,96,wrf_ideal_12mshear_restart_at_96h_28sst_minsetup_largeTC_d2.nc,3,5,3,13,39,39,117,13,300,500,300,500,87,113,87,113,61,139,61,139,0.0754843,0.000236334,9.45338,21.4477,1131,20.3358,0.0705496,0.00431973,2.92013,3.41191,143,3.38506,0.0754843,0.00157867,9.60465,20.0113,1066,19.0281,3.34097,0.0488035,1952.14,1952.14,5064,1949.18,2.76336,0.683954,462.353,462.353,431,462.22,3.34097,0.310735,1890.51,1890.51,4354,1889.34,340.904,315.618,1.26247e+07,1.26247e+07,40000,1.26247e+07,340.904,330.65,223519,223519,676,223519,340.904,317.548,1.93196e+06,1.93196e+06,6084,1.93196e+06
strong,strong_12mshear_restart96h,12,96,wrf_ideal_12mshear_restart_at_96h_28sst_minsetup_largeTC_d2.nc,4,5,3,15.2643,45.793,45.793,137.379,15,300,500,300,500,85,115,85,115,55,145,55,145,0.0600571,0.000190873,7.63492,22.0691,1321,20.7944,0.0430769,0.00393156,3.53841,4.29008,269,4.11844,0.0600571,0.000890728,7.2149,20.1082,1208,18.9393,3.32398,0.0524875,2099.5,2099.5,5394,2096.2,2.62637,0.54623,491.607,491.607,644,491.43,3.32398,0.246256,1994.67,1994.67,4652,1992.87,342.691,315.75,1.263e+07,1.263e+07,40000,1.263e+07,342.691,327.312,294581,294581,900,294581,342.691,316.848,2.56647e+06,2.56647e+06,8100,2.56647e+06
strong,strong_12mshear_restart96h,12,96,wrf_ideal_12mshear_restart_at_96h_28sst_minsetup_largeTC_d2.nc,5,5,3,14.2127,42.638,42.638,127.914,14,300,500,300,500,86,114,86,114,58,142,58,142,0.074691,0.000214193,8.56771,23.0615,1214,21.6013,0.0498669,0.00448153,3.51352,4.07163,200,4.00875,0.0582279,0.00109143,7.70116,18.9262,1023,18.0337,3.94759,0.0520997,2083.99,2083.99,6396,2080.53,3.03594,0.628563,492.794,492.794,515,492.66,3.94759,0.271878,1918.37,1918.37,5123,1917.04,339.359,315.751,1.263e+07,1.263e+07,40000,1.263e+07,339.359,328.51,257552,257552,784,257552,339.359,317.702,2.2417e+06,2.2417e+06,7056,2.2417e+06
strong,strong_12mshear_restart96h,12,96,wrf_ideal_12mshear_restart_at_96h_28sst_minsetup_largeTC_d2.nc,6,5,3,16.7631,50.2892,50.2892,150.867,17,300,500,300,500,83,117,83,117,49,151,49,151,0.0567487,0.000214879,8.59515,24.2788,1444,23.144,0.0546934,0.00567305,6.55804,8.08346,440,8.03049,0.0567487,0.000930906,9.68515,23.1131,1370,22.0752,4.71759,0.0495412,1981.65,1981.65,6764,1977.27,4.71759,0.606588,701.215,701.215,891,701.057,4.71759,0.181558,1888.93,1888.93,5651,1886.78,340.613,315.742,1.26297e+07,1.26297e+07,40000,1.26297e+07,340.613,324.99,375689,375689,1156,375689,340.613,316.796,3.29595e+06,3.29595e+06,10404,3.29595e+06
strong,strong_12mshear_restart96h,12,96,wrf_ideal_12mshear_restart_at_96h_28sst_minsetup_largeTC_d2.nc,7,5,3,11.4018,34.2053,34.2053,102.616,11,300,500,300,500,89,111,89,111,67,133,67,133,0.0598474,0.000209385,8.37539,23.576,1344,22.2525,0.0472467,0.00219526,1.06251,1.19191,47,1.18073,0.0548999,0.00216321,9.42293,16.7275,924,16.083,4.57285,0.0514616,2058.46,2058.46,7020,2054.08,2.02125,0.213786,103.473,103.473,227,103.304,4.57285,0.355028,1546.5,1546.5,3530,1546.06,340.36,315.664,1.26265e+07,1.26265e+07,40000,1.26265e+07,340.36,330.963,160186,160186,484,160186,340.36,318.39,1.38691e+06,1.38691e+06,4356,1.38691e+06
strong,strong_12mshear_restart96h,12,96,wrf_ideal_12mshear_restart_at_96h_28sst_minsetup_largeTC_d2.nc,8,5,3,13.6015,40.8044,40.8044,122.413,14,300,500,300,500,86,114,86,114,58,142,58,142,0.0492332,0.000185245,7.4098,21.8661,1368,20.4411,0.043126,0.00390406,3.06079,3.50542,184,3.44095,0.0492332,0.00117558,8.29488,17.9528,1115,17.0139,3.20559,0.0500563,2002.25,2002.25,7529,1997.09,2.24009,0.474745,372.2,372.2,492,372.012,3.20559,0.247219,1744.38,1744.38,5050,1742.94,339.151,315.601,1.2624e+07,1.2624e+07,40000,1.2624e+07,339.151,326.897,256287,256287,784,256287,339.151,317.267,2.23864e+06,2.23864e+06,7056,2.23864e+06
strong,strong_12mshear_restart96h,12,96,wrf_ideal_12mshear_restart_at_96h_28sst_minsetup_largeTC_d2.nc,9,5,3,17.088,51.264,51.264,153.792,17,300,500,300,500,83,117,83,117,49,151,49,151,0.0527647,0.000200351,8.01405,22.4196,1456,20.5008,0.0451779,0.00336171,3.88613,4.70122,303,4.40739,0.0527647,0.000816276,8.49254,20.3636,1350,18.5726,3.46656,0.0492052,1968.21,1968.21,7386,1963.04,3.10408,0.422301,488.18,488.18,833,487.873,3.46656,0.176529,1836.61,1836.61,6195,1833.79,338.601,315.668,1.26267e+07,1.26267e+07,40000,1.26267e+07,338.601,323.74,374243,374243,1156,374243,338.601,316.677,3.29471e+06,3.29471e+06,10404,3.29471e+06
strong,strong_12mshear_restart96h,12,96,wrf_ideal_12mshear_restart_at_96h_28sst_minsetup_largeTC_d2.nc,10,5,3,13.6015,40.8044,40.8044,122.413,14,300,500,300,500,86,114,86,114,58,142,58,142,0.0593943,0.00015284,6.1136,19.2102,1322,17.3582,0.0312623,0.00250367,1.96288,2.29818,181,2.19333,0.0540956,0.000873867,6.16601,13.8297,1007,12.5217,5.04272,0.0419259,1677.03,1677.03,7060,1672.15,2.24476,0.339762,266.373,266.373,472,266.19,2.6216,0.197156,1391.13,1391.13,4869,1389.91,335.392,315.742,1.26297e+07,1.26297e+07,40000,1.26297e+07,335.392,325.089,254870,254870,784,254870,335.392,317.331,2.23909e+06,2.23909e+06,7056,2.23909e+06
strong,strong_12mshear_restart96h,12,96,wrf_ideal_12mshear_restart_at_96h_28sst_minsetup_largeTC_d2.nc,11,5,3,12.6491,37.9473,37.9473,113.842,13,300,500,300,500,87,113,87,113,61,139,61,139,0.0551076,0.00020265,8.10601,20.0437,1333,17.8201,0.0370889,0.00294688,1.99209,2.24815,137,2.19676,0.0431829,0.00159,9.67356,15.5406,1069,14.0185,3.21595,0.0406938,1627.75,1627.75,7191,1622.57,3.21595,0.297706,201.249,201.249,352,201.116,3.21595,0.21531,1309.94,1309.94,3982,1308.37,336.923,315.889,1.26356e+07,1.26356e+07,40000,1.26356e+07,336.923,326.52,220727,220727,676,220727,336.923,318.036,1.93493e+06,1.93493e+06,6084,1.93493e+06
strong,strong_12mshear_restart96h,12,96,wrf_ideal_12mshear_restart_at_96h_28sst_minsetup_largeTC_d2.nc,12,5,3,15.0333,45.0999,45.0999,135.3,15,300,500,300,500,85,115,85,115,55,145,55,145,0.0489644,0.00022332,8.93278,19.7753,1384,17.0557,0.0381626,0.00249343,2.24409,2.49261,187,2.32991,0.0489644,0.00128674,10.4226,17.5991,1262,15.3066,4.00418,0.0430865,1723.46,1723.46,6918,1718.52,3.47185,0.28311,254.799,254.799,514,254.571,4.00418,0.187492,1518.68,1518.68,5203,1516.64,335.875,316.246,1.26498e+07,1.26498e+07,40000,1.26498e+07,335.875,325.851,293266,293266,900,293266,335.875,317.563,2.57226e+06,2.57226e+06,8100,2.57226e+06
strong,strong_12mshear_restart96h,12,96,wrf_ideal_12mshear_restart_at_96h_28sst_minsetup_largeTC_d2.nc,13,5,3,13,39,39,117,13,300,500,300,500,87,113,87,113,61,139,61,139,0.0574535,0.00031836,12.7344,23.2934,1577,20.8988,0.0397021,0.00255933,1.7301,1.88018,139,1.8264,0.0434257,0.00165506,10.0694,16.6352,1153,15.0515,4.03641,0.0474886,1899.54,1899.54,6202,1895.28,2.41266,0.236148,159.636,159.636,318,159.445,4.03641,0.252143,1534.04,1534.04,4152,1532.87,335.366,316.486,1.26595e+07,1.26595e+07,40000,1.26595e+07,335.366,326.229,220531,220531,676,220531,335.366,317.836,1.93372e+06,1.93372e+06,6084,1.93372e+06
strong,strong_12mshear_restart96h,12,96,wrf_ideal_12mshear_restart_at_96h_28sst_minsetup_largeTC_d2.nc,14,5,3,13.4164,40.2492,40.2492,120.748,13,300,500,300,500,87,113,87,113,61,139,61,139,0.0585695,0.000241181,9.64723,23.7931,1641,21.245,0.0293309,0.000429488,0.290334,0.489305,40,0.440735,0.0585695,0.00156271,9.50753,16.0452,1152,14.2705,3.46818,0.0472742,1890.97,1890.97,7260,1886.79,2.41859,0.224381,151.681,151.681,302,151.406,3.46818,0.228927,1392.79,1392.79,4011,1391.31,336.506,316.564,1.26626e+07,1.26626e+07,40000,1.26626e+07,336.506,327.985,221718,221718,676,221718,336.506,318.134,1.93553e+06,1.93553e+06,6084,1.93553e+06
strong,strong_12mshear_restart96h,12,96,wrf_ideal_12mshear_restart_at_96h_28sst_minsetup_largeTC_d2.nc,15,5,3,11.1803,33.541,33.541,100.623,11,300,500,300,500,89,111,89,111,67,133,67,133,0.069803,0.000214759,8.59037,22.73,1537,20.4462,0.010536,-7.31836e-05,-0.0354209,0.0717291,7,0.0520503,0.0589077,0.00161095,7.0173,12.4956,892,11.1861,5.20677,0.0481361,1925.45,1925.45,7972,1920.38,1.53921,0.0431597,20.8893,20.8893,203,20.752,5.20677,0.293057,1276.55,1276.55,3366,1275.72,334.211,316.251,1.26501e+07,1.26501e+07,40000,1.26501e+07,334.211,327.784,158647,158647,484,158647,334.211,318.297,1.3865e+06,1.3865e+06,4356,1.3865e+06
strong,strong_12mshear_restart96h,12,96,wrf_ideal_12mshear_restart_at_96h_28sst_minsetup_largeTC_d2.nc,16,5,3,12,36,36,108,12,300,500,300,500,88,112,88,112,64,136,64,136,0.0710285,0.000206221,8.24883,21.8497,1485,19.3117,0.0352518,0.00240369,1.38453,1.56228,117,1.46804,0.0445895,0.00174676,9.0552,13.9153,1035,12.2206,3.22487,0.0435252,1741.01,1741.01,7526,1735.38,2.59075,0.216987,124.984,124.984,347,124.848,3.22487,0.229475,1189.6,1189.6,3378,1188.35,332.616,316.197,1.26479e+07,1.26479e+07,40000,1.26479e+07,332.616,324.583,186960,186960,576,186960,332.616,317.824,1.6476e+06,1.6476e+06,5184,1.6476e+06
strong,strong_12mshear_restart96h,12,96,wrf_ideal_12mshear_restart_at_96h_28sst_minsetup_largeTC_d2.nc,17,5,3,19.105,57.3149,57.3149,171.945,19,300,500,300,500,81,119,81,119,43,157,43,157,0.0607914,0.000175424,7.01695,18.8885,1161,15.8705,0.0358269,0.00228999,3.30675,3.8724,270,3.29387,0.0560636,0.00064664,8.40373,16.8928,1042,14.1784,3.02154,0.0412047,1648.19,1648.19,7291,1641.57,2.588,0.245403,354.361,354.361,859,353.901,3.02154,0.116208,1510.25,1510.25,5846,1506.22,332.225,316.181,1.26472e+07,1.26472e+07,40000,1.26472e+07,332.225,321.639,464447,464447,1444,464447,332.225,316.702,4.11586e+06,4.11586e+06,12996,4.11586e+06
strong,strong_12mshear_restart96h,12,96,wrf_ideal_12mshear_restart_at_96h_28sst_minsetup_largeTC_d2.nc,18,5,3,13.4164,40.2492,40.2492,120.748,13,300,500,300,500,87,113,87,113,61,139,61,139,0.0590346,0.000235807,9.43228,21.8375,1348,18.464,0.0291643,0.00115045,0.777701,0.937551,76,0.849315,0.0540118,0.00165079,10.0434,14.3726,934,11.9743,5.60874,0.0413652,1654.61,1654.61,7377,1648.55,2.60115,0.154307,104.312,104.312,342,104.174,5.60874,0.196861,1197.7,1197.7,3726,1196.05,331.392,316.276,1.26511e+07,1.26511e+07,40000,1.26511e+07,331.392,324.808,219571,219571,676,219571,331.392,317.83,1.93368e+06,1.93368e+06,6084,1.93368e+06
strong,strong_12mshear_restart96h,12,96,wrf_ideal_12mshear_restart_at_96h_28sst_minsetup_largeTC_d2.nc,19,5,3,10.0499,30.1496,30.1496,90.4489,10,300,500,300,500,90,110,90,110,70,130,70,130,0.0684257,0.00015735,6.294,19.4983,1262,16.681,0.0108021,5.66346e-05,0.0226538,0.109389,13,0.0973857,0.0684257,0.00195427,7.03537,9.81209,663,8.86597,3.8254,0.0417048,1668.19,1668.19,8288,1661.71,1.21523,0.046433,18.5732,18.5732,140,18.4825,3.8254,0.265634,956.282,956.282,2610,955.514,332.449,316.085,1.26434e+07,1.26434e+07,40000,1.26434e+07,332.449,327.117,130847,130847,400,130847,332.449,319.133,1.14888e+06,1.14888e+06,3600,1.14888e+06
strong,strong_12mshear_restart96h,12,96,wrf_ideal_12mshear_restart_at_96h_28sst_minsetup_largeTC_d2.nc,20,5,3,14.0357,42.107,42.107,126.321,14,300,500,300,500,86,114,86,114,58,142,58,142,0.067224,0.00023796,9.51838,23.3483,1525,19.5617,0.0393924,0.00231661,1.81622,2.13138,132,1.97587,0.0551747,0.00136441,9.62726,16.4131,1110,13.6135,3.69232,0.0442889,1771.56,1771.56,8005,1764.13,2.98783,0.178229,139.732,139.732,432,139.381,3.69232,0.196249,1384.73,1384.73,4434,1382.78,333.029,316.006,1.26402e+07,1.26402e+07,40000,1.26402e+07,333.029,324.881,254707,254707,784,254707,333.029,317.386,2.23947e+06,2.23947e+06,7056,2.23947e+06
strong,strong_12mshear_restart96h,12,96,wrf_ideal_12mshear_restart_at_96h_28sst_minsetup_largeTC_d2.nc,21,5,3,15.6205,46.8615,46.8615,140.584,16,300,500,300,500,84,116,84,116,52,148,52,148,0.0601656,0.00026168,10.4672,24.3081,1614,20.1253,0.0285097,0.00176227,1.80456,2.16205,150,1.99299,0.0601656,0.00121668,11.2129,19.058,1288,15.6352,3.12147,0.0456596,1826.38,1826.38,8710,1820.16,2.33149,0.172031,176.159,176.159,496,175.884,3.12147,0.163312,1505.08,1505.08,5626,1502.87,333.184,315.979,1.26392e+07,1.26392e+07,40000,1.26392e+07,333.184,324.373,332158,332158,1024,332158,333.184,317.006,2.92153e+06,2.92153e+06,9216,2.92153e+06
strong,strong_12mshear_restart96h,12,96,wrf_ideal_12mshear_restart_at_96h_28sst_minsetup_largeTC_d2.nc,22,5,3,12.53,37.5899,37.5899,112.77,13,300,500,300,500,87,113,87,113,61,139,61,139,0.0783573,0.000249782,9.99126,24.8457,1667,21.1123,0.0141354,-0.000133065,-0.0899521,0.105014,10,0.0745709,0.0440372,0.00154831,9.41994,13.7972,993,11.3996,3.01306,0.0498856,1995.42,1995.42,8629,1989.1,2.21675,0.0714533,48.3024,48.3024,212,48.0522,2.88803,0.206085,1253.82,1253.82,3978,1252.45,334.451,315.912,1.26365e+07,1.26365e+07,40000,1.26365e+07,334.451,327.239,221214,221214,676,221214,334.451,317.989,1.93465e+06,1.93465e+06,6084,1.93465e+06
strong,strong_12mshear_restart96h,12,96,wrf_ideal_12mshear_restart_at_96h_28sst_minsetup_largeTC_d2.nc,23,5,3,18.9737,56.921,56.921,170.763,19,300,500,300,500,81,119,81,119,43,157,43,157,0.0685921,0.00030469,12.1876,28.4761,1762,25.2394,0.0218753,0.00061164,0.883208,1.68751,133,1.50476,0.066381,0.000890009,11.5666,22.6983,1445,19.8385,3.52069,0.0529684,2118.74,2118.74,9596,2112.07,2.47211,0.145381,209.931,209.931,930,209.606,3.52069,0.143022,1858.71,1858.71,7364,1855.52,333.438,315.71,1.26284e+07,1.26284e+07,40000,1.26284e+07,333.438,322.16,465200,465200,1444,465200,333.438,316.375,4.11161e+06,4.11161e+06,12996,4.11161e+06
strong,strong_12mshear_restart102h,12,102,wrf_ideal_12mshear_restart_at_102h_28sst_minsetup_largeTC_d2.nc,0,5,3,14.8661,44.5982,44.5982,133.795,15,300,500,300,500,85,115,85,115,55,145,55,145,0.0900583,0.000152278,6.09113,16.363,804,15.5726,0.0553566,0.00513154,4.61839,5.41875,270,5.29962,0.0900583,0.000803389,6.50745,16.2918,800,15.5185,3.51486,0.0424566,1698.26,1698.26,3794,1695.48,2.17449,0.724051,651.646,651.646,678,651.458,3.51486,0.209018,1693.05,1693.05,3623,1691.1,344.673,315.457,1.26183e+07,1.26183e+07,40000,1.26183e+07,344.673,330.578,297520,297520,900,297520,344.673,316.817,2.56622e+06,2.56622e+06,8100,2.56622e+06
strong,strong_12mshear_restart102h,12,102,wrf_ideal_12mshear_restart_at_102h_28sst_minsetup_largeTC_d2.nc,1,5,3,11.4018,34.2053,34.2053,102.616,11,300,500,300,500,89,111,89,111,67,133,67,133,0.056988,0.000155253,6.2101,16.9291,830,16.1967,0.0559426,0.00308242,1.49189,1.75523,89,1.71603,0.056988,0.00138376,6.02765,15.8426,765,15.2514,2.96288,0.0461534,1846.14,1846.14,3456,1843.17,2.56113,0.564952,273.437,273.437,303,273.276,2.96288,0.41851,1823.03,1823.03,3034,1822,345.215,315.614,1.26246e+07,1.26246e+07,40000,1.26246e+07,345.215,335.746,162501,162501,484,162501,345.215,318.998,1.38956e+06,1.38956e+06,4356,1.38956e+06
strong,strong_12mshear_restart102h,12,102,wrf_ideal_12mshear_restart_at_102h_28sst_minsetup_largeTC_d2.nc,2,5,3,15,45,45,135,15,300,500,300,500,85,115,85,115,55,145,55,145,0.062333,0.000217428,8.69713,19.0458,1070,18.1493,0.062333,0.00850442,7.65398,8.29579,386,8.22008,0.062333,0.00109108,8.83776,19.001,1067,18.121,2.59008,0.0442731,1770.93,1770.93,4668,1767.39,2.59008,0.873125,785.812,785.812,685,785.666,2.59008,0.21762,1762.72,1762.72,4426,1760.62,344.974,315.809,1.26323e+07,1.26323e+07,40000,1.26323e+07,344.974,329.278,296351,296351,900,296351,344.974,317.354,2.57057e+06,2.57057e+06,8100,2.57057e+06
strong,strong_12mshear_restart102h,12,102,wrf_ideal_12mshear_restart_at_102h_28sst_minsetup_largeTC_d2.nc,3,5,3,15.2643,45.793,45.793,137.379,15,300,500,300,500,85,115,85,115,55,145,55,145,0.0689173,0.00021826,8.73038,22.2544,1172,21.0394,0.0661051,0.00634637,5.71173,6.51554,335,6.42231,0.0689173,0.00105703,8.56192,21.9189,1152,20.8327,3.00726,0.0517497,2069.99,2069.99,4828,2065.85,3.00726,0.790942,711.848,711.848,694,711.668,3.00726,0.253252,2051.34,2051.34,4290,2049.49,346.083,316.035,1.26414e+07,1.26414e+07,40000,1.26414e+07,346.083,329.102,296192,296192,900,296192,346.083,317.427,2.57116e+06,2.57116e+06,8100,2.57116e+06
strong,strong_12mshear_restart102h,12,102,wrf_ideal_12mshear_restart_at_102h_28sst_minsetup_largeTC_d2.nc,4,5,3,15.2315,45.6946,45.6946,137.084,15,300,500,300,500,85,115,85,115,55,145,55,145,0.0659861,0.000180982,7.2393,20.6853,1041,19.5127,0.0549855,0.00580343,5.22309,6.02819,287,5.93652,0.0659861,0.000790541,6.40338,19.1384,968,18.2146,2.97964,0.0501395,2005.58,2005.58,5436,2001.52,2.97964,0.67884,610.956,610.956,646,610.833,2.97964,0.238786,1934.17,1934.17,4512,1932.5,345.051,316.13,1.26452e+07,1.26452e+07,40000,1.26452e+07,345.051,329.306,296376,296376,900,296376,345.051,317.524,2.57195e+06,2.57195e+06,8100,2.57195e+06
strong,strong_12mshear_restart102h,12,102,wrf_ideal_12mshear_restart_at_102h_28sst_minsetup_largeTC_d2.nc,5,5,3,15.8114,47.4342,47.4342,142.302,16,300,500,300,500,84,116,84,116,52,148,52,148,0.0617081,0.000197344,7.89374,20.7568,1118,19.5883,0.0505627,0.00546283,5.59394,6.77051,306,6.6772,0.0505627,0.00072646,6.69506,18.0424,1002,17.2509,3.84653,0.0480596,1922.38,1922.38,5636,1917.9,3.20571,0.61993,634.808,634.808,778,634.651,3.20571,0.195259,1799.51,1799.51,4547,1797.2,342.544,316.188,1.26475e+07,1.26475e+07,40000,1.26475e+07,342.544,327.528,335389,335389,1024,335389,342.544,317.64,2.92737e+06,2.92737e+06,9216,2.92737e+06
strong,strong_12mshear_restart102h,12,102,wrf_ideal_12mshear_restart_at_102h_28sst_minsetup_largeTC_d2.nc,6,5,3,12.0416,36.1248,36.1248,108.374,12,300,500,300,500,88,112,88,112,64,136,64,136,0.0578296,0.000284388,11.3755,21.8392,1293,20.042,0.0578296,0.00547304,3.15247,3.45298,143,3.3568,0.0578296,0.00204743,10.6139,18.2298,1061,17.1491,3.52546,0.0458738,1834.95,1834.95,5939,1830.6,2.83559,0.701001,403.777,403.777,351,403.689,3.52546,0.321796,1668.19,1668.19,3868,1667.08,343.459,316.277,1.26511e+07,1.26511e+07,40000,1.26511e+07,343.459,332.001,191233,191233,576,191233,343.459,318.896,1.65316e+06,1.65316e+06,5184,1.65316e+06
strong,strong_12mshear_restart102h,12,102,wrf_ideal_12mshear_restart_at_102h_28sst_minsetup_largeTC_d2.nc,7,5,3,9.84886,29.5466,29.5466,88.6397,10,300,500,300,500,90,110,90,110,70,130,70,130,0.0626359,0.000258707,10.3483,23.6935,1285,22.5161,0.0343755,0.00060205,0.24082,0.386676,22,0.382703,0.0626359,0.00230922,8.31317,15.8958,832,15.4631,4.34946,0.0520227,2080.91,2080.91,5421,2077.06,2.11731,0.302034,120.813,120.813,162,120.694,4.34946,0.46181,1662.51,1662.51,2934,1661.92,343.684,316.47,1.26588e+07,1.26588e+07,40000,1.26588e+07,343.684,335.807,134323,134323,400,134323,343.684,319.405,1.14986e+06,1.14986e+06,3600,1.14986e+06
strong,strong_12mshear_restart102h,12,102,wrf_ideal_12mshear_restart_at_102h_28sst_minsetup_largeTC_d2.nc,8,5,3,9.48683,28.4605,28.4605,85.3815,9,300,500,300,500,91,109,91,109,73,127,73,127,0.0820089,0.000160924,6.43696,22.4561,1209,20.9917,0.03148,0.000753465,0.244123,0.327705,18,0.323986,0.0820089,0.00182589,5.32428,11.1689,602,10.612,4.12931,0.0499544,1998.18,1998.18,6566,1994.44,1.52489,0.156119,50.5827,50.5827,106,50.4744,3.37959,0.397646,1159.53,1159.53,2379,1159.05,343.383,316.272,1.26509e+07,1.26509e+07,40000,1.26509e+07,343.383,335.694,108765,108765,324,108765,343.383,320.188,933668,933668,2916,933668
strong,strong_12mshear_restart102h,12,102,wrf_ideal_12mshear_restart_at_102h_28sst_minsetup_largeTC_d2.nc,9,5,3,12.53,37.5899,37.5899,112.77,13,300,500,300,500,87,113,87,113,61,139,61,139,0.067981,0.000143028,5.72113,19.2742,1184,17.3868,0.0265926,0.00335582,2.26854,2.59463,159,2.54025,0.0563933,0.00104014,6.32822,13.8772,873,12.6314,3.70186,0.0424361,1697.44,1697.44,6630,1693.07,2.95061,0.414652,280.305,280.305,348,280.185,3.70186,0.227135,1381.89,1381.89,4367,1380.54,341.274,316.189,1.26476e+07,1.26476e+07,40000,1.26476e+07,341.274,327.775,221576,221576,676,221576,341.274,318.422,1.93728e+06,1.93728e+06,6084,1.93728e+06
strong,strong_12mshear_restart102h,12,102,wrf_ideal_12mshear_restart_at_102h_28sst_minsetup_largeTC_d2.nc,10,5,3,12.6491,37.9473,37.9473,113.842,13,300,500,300,500,87,113,87,113,61,139,61,139,0.0655316,0.000238559,9.54237,20.649,1486,18.9696,0.0358111,0.00333092,2.2517,2.49011,176,2.44851,0.0536324,0.00149065,9.06909,15.0041,1135,13.8444,2.70791,0.0405001,1620,1620,6263,1615.7,2.70791,0.373738,252.647,252.647,368,252.456,2.70791,0.211503,1286.78,1286.78,3962,1285.45,339.26,316.452,1.26581e+07,1.26581e+07,40000,1.26581e+07,339.26,327.99,221721,221721,676,221721,339.26,318.576,1.93822e+06,1.93822e+06,6084,1.93822e+06
strong,strong_12mshear_restart102h,12,102,wrf_ideal_12mshear_restart_at_102h_28sst_minsetup_largeTC_d2.nc,11,5,3,11.4018,34.2053,34.2053,102.616,11,300,500,300,500,89,111,89,111,67,133,67,133,0.0582749,0.000270259,10.8104,21.2499,1495,18.993,0.0292371,0.00207687,1.00521,1.18106,70,1.15698,0.0391117,0.0023394,10.1904,14.661,1052,13.4249,3.0205,0.0401009,1604.04,1604.04,6368,1599.68,3.0205,0.256222,124.012,124.012,244,123.886,3.0205,0.295356,1286.57,1286.57,3444,1285.85,339.36,316.709,1.26684e+07,1.26684e+07,40000,1.26684e+07,339.36,330.019,159729,159729,484,159729,339.36,319.446,1.39151e+06,1.39151e+06,4356,1.39151e+06
strong,strong_12mshear_restart102h,12,102,wrf_ideal_12mshear_restart_at_102h_28sst_minsetup_largeTC_d2.nc,12,5,3,15.5563,46.669,46.669,140.007,16,300,500,300,500,84,116,84,116,52,148,52,148,0.0643555,0.000209129,8.36517,20.9928,1401,19.1319,0.0307822,0.00306156,3.13504,3.68718,252,3.5068,0.0573414,0.00103016,9.49393,18.4063,1265,16.713,3.47028,0.046706,1868.24,1868.24,6663,1863.75,2.86152,0.420197,430.282,430.282,727,430.088,3.47028,0.185087,1705.76,1705.76,5300,1703.59,338.204,316.701,1.26681e+07,1.26681e+07,40000,1.26681e+07,338.204,324.813,332608,332608,1024,332608,338.204,317.579,2.92681e+06,2.92681e+06,9216,2.92681e+06
strong,strong_12mshear_restart102h,12,102,wrf_ideal_12mshear_restart_at_102h_28sst_minsetup_largeTC_d2.nc,13,5,3,12.2066,36.6197,36.6197,109.859,12,300,500,300,500,88,112,88,112,64,136,64,136,0.0630419,0.000167707,6.70828,21.1347,1373,18.7569,0.020947,0.00081683,0.470494,0.64646,57,0.62274,0.0535931,0.0016089,8.34056,14.0349,948,12.4082,3.16663,0.0418492,1673.97,1673.97,7538,1668.79,2.363,0.197284,113.636,113.636,291,113.427,3.16663,0.230612,1195.49,1195.49,3791,1194.47,336.863,316.421,1.26568e+07,1.26568e+07,40000,1.26568e+07,336.863,328.402,189160,189160,576,189160,336.863,318.559,1.65141e+06,1.65141e+06,5184,1.65141e+06
strong,strong_12mshear_restart102h,12,102,wrf_ideal_12mshear_restart_at_102h_28sst_minsetup_largeTC_d2.nc,14,5,3,12.6491,37.9473,37.9473,113.842,13,300,500,300,500,87,113,87,113,61,139,61,139,0.0678764,0.000199077,7.96308,21.9277,1488,19.3801,0.0350537,0.00356166,2.40768,2.60767,165,2.56112,0.0678764,0.00153415,9.33376,16.2667,1155,14.4849,4.29433,0.0474773,1899.09,1899.09,8089,1892.87,2.41904,0.256712,173.537,173.537,327,173.294,4.29433,0.25494,1551.06,1551.06,4590,1549.65,335.52,316.122,1.26449e+07,1.26449e+07,40000,1.26449e+07,335.52,325.792,220235,220235,676,220235,335.52,317.615,1.93237e+06,1.93237e+06,6084,1.93237e+06
strong,strong_12mshear_restart102h,12,102,wrf_ideal_12mshear_restart_at_102h_28sst_minsetup_largeTC_d2.nc,15,5,3,14.8661,44.5982,44.5982,133.795,15,300,500,300,500,85,115,85,115,55,145,55,145,0.0662756,0.000205847,8.23388,22.6521,1542,19.7435,0.0255918,0.00226599,2.03939,2.55683,218,2.45859,0.0615859,0.00104628,8.47484,16.1115,1153,13.7777,3.79088,0.0463063,1852.25,1852.25,8721,1845.65,2.88825,0.251008,225.907,225.907,536,225.722,3.79088,0.18571,1504.25,1504.25,5590,1502.32,333.622,316.002,1.26401e+07,1.26401e+07,40000,1.26401e+07,333.622,324.481,292033,292033,900,292033,333.622,317.162,2.56901e+06,2.56901e+06,8100,2.56901e+06
strong,strong_12mshear_restart102h,12,102,wrf_ideal_12mshear_restart_at_102h_28sst_minsetup_largeTC_d2.nc,16,5,3,13.3417,40.025,40.025,120.075,13,300,500,300,500,87,113,87,113,61,139,61,139,0.0741936,0.000256369,10.2548,25.023,1681,21.7902,0.0208721,0.00109258,0.738587,0.944856,81,0.775258,0.0631933,0.00170585,10.3784,16.0484,1184,13.6701,3.88942,0.0457031,1828.12,1828.12,8409,1821.5,2.01987,0.107931,72.9615,72.9615,286,72.7304,3.88942,0.221646,1348.5,1348.5,4347,1347.13,334.801,315.956,1.26382e+07,1.26382e+07,40000,1.26382e+07,334.801,325.601,220107,220107,676,220107,334.801,317.805,1.93352e+06,1.93352e+06,6084,1.93352e+06
strong,strong_12mshear_restart102h,12,102,wrf_ideal_12mshear_restart_at_102h_28sst_minsetup_largeTC_d2.nc,17,5,3,14.8661,44.5982,44.5982,133.795,15,300,500,300,500,85,115,85,115,55,145,55,145,0.0826849,0.000246477,9.85908,24.9488,1608,20.9522,0.0212789,0.00205124,1.84612,2.13349,172,1.94995,0.0634428,0.00120777,9.78292,17.6607,1229,14.4868,5.20711,0.0481514,1926.06,1926.06,8518,1919.91,2.46779,0.247705,222.935,222.935,479,222.635,5.20711,0.187549,1519.15,1519.15,5347,1517.17,334.078,315.952,1.26381e+07,1.26381e+07,40000,1.26381e+07,334.078,324.401,291961,291961,900,291961,334.078,317.163,2.56902e+06,2.56902e+06,8100,2.56902e+06
strong,strong_12mshear_restart102h,12,102,wrf_ideal_12mshear_restart_at_102h_28sst_minsetup_largeTC_d2.nc,18,5,3,12.3693,37.108,37.108,111.324,12,300,500,300,500,88,112,88,112,64,136,64,136,0.0646816,0.000241036,9.64145,25.6273,1642,22.4004,0.020118,0.00017901,0.10311,0.286664,20,0.251675,0.0544565,0.00186667,9.67682,13.8477,948,11.6269,3.93795,0.0507188,2028.75,2028.75,8944,2022.77,1.62299,0.155664,89.6625,89.6625,273,89.525,3.11322,0.250675,1299.5,1299.5,4045,1298.72,333.074,315.887,1.26355e+07,1.26355e+07,40000,1.26355e+07,333.074,326.977,188339,188339,576,188339,333.074,318.354,1.65035e+06,1.65035e+06,5184,1.65035e+06
strong,strong_12mshear_restart102h,12,102,wrf_ideal_12mshear_restart_at_102h_28sst_minsetup_largeTC_d2.nc,19,5,3,15,45,45,135,15,300,500,300,500,85,115,85,115,55,145,55,145,0.0733032,0.000194632,7.78529,24.0677,1507,20.2245,0.0293995,0.000988229,0.889406,1.18009,92,0.902263,0.0733032,0.00111943,9.06741,16.7815,1081,13.525,3.69679,0.0506901,2027.6,2027.6,9388,2021.7,2.39678,0.134081,120.673,120.673,518,120.441,3.69679,0.192231,1557.07,1557.07,5682,1555.33,332.612,315.664,1.26266e+07,1.26266e+07,40000,1.26266e+07,332.612,324.332,291899,291899,900,291899,332.612,316.919,2.56704e+06,2.56704e+06,8100,2.56704e+06
strong,strong_12mshear_restart102h,12,102,wrf_ideal_12mshear_restart_at_102h_28sst_minsetup_largeTC_d2.nc,20,5,3,14.4222,43.2666,43.2666,129.8,14,300,500,300,500,86,114,86,114,58,142,58,142,0.0592302,0.000195623,7.82492,23.1826,1546,18.9542,0.0245956,0.0016667,1.30669,1.44976,119,1.34805,0.0592302,0.00125707,8.86987,16.3762,1152,13.3334,4.00253,0.0479909,1919.64,1919.64,8616,1913.74,2.10858,0.135856,106.511,106.511,410,106.302,4.00253,0.214994,1517,1517,5173,1515.43,331.501,315.584,1.26234e+07,1.26234e+07,40000,1.26234e+07,331.501,324.574,254466,254466,784,254466,331.501,317.018,2.23688e+06,2.23688e+06,7056,2.23688e+06
strong,strong_12mshear_restart102h,12,102,wrf_ideal_12mshear_restart_at_102h_28sst_minsetup_largeTC_d2.nc,21,5,3,16.1245,48.3735,48.3735,145.121,16,300,500,300,500,84,116,84,116,52,148,52,148,0.0696663,0.000228429,9.13717,23.5437,1607,20.5571,0.03005,0.00132387,1.35564,1.64988,124,1.4476,0.0594441,0.00108899,10.0361,18.7652,1316,16.304,4.07349,0.0474786,1899.14,1899.14,8163,1893.03,1.85466,0.169122,173.181,173.181,620,172.874,4.07349,0.178471,1644.79,1644.79,5811,1642.65,330.078,315.454,1.26182e+07,1.26182e+07,40000,1.26182e+07,330.078,322.883,330632,330632,1024,330632,330.078,316.499,2.91686e+06,2.91686e+06,9216,2.91686e+06
strong,strong_12mshear_restart102h,12,102,wrf_ideal_12mshear_restart_at_102h_28sst_minsetup_largeTC_d2.nc,22,5,3,11.6619,34.9857,34.9857,104.957,12,300,500,300,500,88,112,88,112,64,136,64,136,0.0690091,0.000186921,7.47686,23.8268,1598,20.1298,0.00754694,-0.000135055,-0.0777914,0.0092489,1,0.00754694,0.0409257,0.00156037,8.08895,12.6864,941,10.5801,2.92967,0.0500002,2000.01,2000.01,8755,1994.86,2.22833,0.0527654,30.3929,30.3929,263,30.2255,2.92967,0.224232,1162.42,1162.42,3991,1161.48,330.116,315.528,1.26211e+07,1.26211e+07,40000,1.26211e+07,330.116,325.996,187774,187774,576,187774,330.116,317.957,1.64829e+06,1.64829e+06,5184,1.64829e+06
strong,strong_12mshear_restart102h,12,102,wrf_ideal_12mshear_restart_at_102h_28sst_minsetup_largeTC_d2.nc,23,5,3,15.0333,45.0999,45.0999,135.3,15,300,500,300,500,85,115,85,115,55,145,55,145,0.076623,0.000208612,8.34448,22.5857,1562,19.1584,0.0211016,0.000938471,0.844624,1.0164,79,0.858743,0.0526235,0.00122904,9.95524,16.8145,1211,14.0814,3.49783,0.0485528,1942.11,1942.11,8457,1936.79,2.12901,0.126881,114.193,114.193,443,113.925,3.49783,0.194218,1573.17,1573.17,5361,1571.54,330.826,315.436,1.26174e+07,1.26174e+07,40000,1.26174e+07,330.826,323.923,291531,291531,900,291531,330.826,316.932,2.56715e+06,2.56715e+06,8100,2.56715e+06
